link,nombre,fecha_consultado,fecha_publicado,divisa,monto,ppm2,ppm2_avg,superficie_t,superficie_u,terraza,ambientes,dormitorios,banos,ubicacion,estacionamiento,bodegas,cantidad_pisos,dep_por_piso,piso,tipo_depto,orientacion,antiguedad,gastos_comunes,coordenadas
https://portalinmobiliario.com/MLC-2859257598-departamento-en-venta-de-1-dorm-en-san-miguel-_JM#polycard_client=search-nordic&position=38&search_layout=grid&type=item&tracking_id=cceb6dba-47e0-4485-a45d-03e70fa17b63,Departamento En Venta De 1 Dorm. En San Miguel,2025-05-12,Publicado hace 55 días,UF,2.550,82 UF/m²,69 UF/m²,35 m²,31 m²,4 m²,,1,1,"Segunda Avenida / Tercera Transversal, Ciudad del Niño, San Miguel, RM (Metropolitana)",1,1,17,7,17,Departamento,N,8 años,,-33.5040711%2C-70.659998
https://portalinmobiliario.com/MLC-2860872146-depto-como-nuevo-3d-metro-las-torres-_JM#polycard_client=search-nordic&position=7&search_layout=grid&type=item&tracking_id=da375101-20da-480c-a7c6-2fb838721f82,"Depto. Como Nuevo 3d, Metro Las Torres.",2025-05-12,Publicado hace 52 días,UF,3.650,54 UF/m²,59 UF/m²,72 m²,67 m²,5 m²,,3,2,"Av. Américo Vespucio 4200 - 4500, Macul, Chile, Metro Las Torres, Macul, RM (Metropolitana)",1,,18,10,2,Departamento,SO,5 años,,-33.4966777%2C-70.5855593
https://portalinmobiliario.com/MLC-1590534715-uf-3800-venta-dptosanta-isabelfray-camilo-henriquez-_JM#polycard_client=search-nordic&position=8&search_layout=gallery&type=item&tracking_id=a4b4aea2-ef23-4280-a1e0-13f7548c4f73,"Uf 3.800 Venta Dpto,santa Isabel/fray Camilo Henríquez.",2025-05-12,Publicado hace 48 días,UF,3.800,66 UF/m²,68 UF/m²,57 m²,57 m²,4 m²,,2,2,"Av. Sta. Isabel 199, Santiago, Santa Isabel, Santiago, RM (Metropolitana)",,1,,,,,,,,-33.4478017%2C-70.6343378
https://portalinmobiliario.com/MLC-2860935956-conjunto-duplo-vista-bellaovalle-_JM#polycard_client=search-nordic&position=18&search_layout=grid&type=item&tracking_id=56e9e59d-d995-4bfc-934b-f01607027e67,"Conjunto Duplo Vista Bella,ovalle",2025-05-12,Publicado hace 52 días,$,46.000.000,,,51 m²,49 m²,,2,2,,Verifica que el inmueble exista y desconfía si te dicen que necesitan vender o arrendar con urgencia.,,,,,,,,,,-30.5891123%2C-71.1748975
https://portalinmobiliario.com/MLC-1584809261-gran-vista-cercano-a-metro-h-de-aguirre-_JM#polycard_client=search-nordic&position=35&search_layout=grid&type=item&tracking_id=00a7558e-bbbb-48b5-9632-0881ddb1391f,Gran Vista Cercano A Metro H. De Aguirre,2025-05-12,Publicado hace 2 meses,UF,5.570,163 UF/m²,144 UF/m²,"42,84 m²","34,1 m²","8,7 m²",,1,1,"Las Trinitarias 6900 - 7200, Las Condes, Metro Hernando de Magallanes, Las Condes, RM (Metropolitana)",1,1,9,12,6,Departamento,NP,1 años,,-33.404362%2C-70.5587992
https://portalinmobiliario.com/MLC-1583321741-luminoso-departamento-a-pasos-plaza-brasil-metro-santa-ana-_JM#polycard_client=search-nordic&position=29&search_layout=grid&type=item&tracking_id=412e6b12-a3ca-4626-bbec-099593d85981,Luminoso Departamento A Pasos Plaza Brasil Metro Santa Ana,2025-05-12,Publicado hace 4 meses,UF,1.900,54 UF/m²,67 UF/m²,38 m²,35 m²,3 m²,,1,,Verifica que el inmueble exista y desconfía si te dicen que necesitan vender o arrendar con urgencia.,,,,,,,,,,-33.4397473%2C-70.664012
https://portalinmobiliario.com/MLC-2830671238-departamento-en-venta-de-3-dorm-en-las-condes-_JM#polycard_client=search-nordic&position=19&search_layout=grid&type=item&tracking_id=af86aa87-22ce-4766-8bdb-52089c862f00,Departamento En Venta De 3 Dorm. En Las Condes,2025-05-12,,UF,13.600,77 UF/m²,87 UF/m²,196 m²,176 m²,20 m²,,3,3,"El Golf, Barrio El Golf, Las Condes, RM (Metropolitana)",2,1,,2,,Departamento,NOSP,0 años,,-33.412863%2C-70.5959857
https://portalinmobiliario.com/MLC-2839479068-depto-amplio-2-dormitorios-2-banos-living-comedor-cocina-_JM#polycard_client=search-nordic&position=40&search_layout=grid&type=item&tracking_id=6affea70-a8aa-4484-acf2-beed7289e246,"Depto Amplio, 2 Dormitorios, 2 Baños, Living Comedor, Cocina",2025-05-12,Publicado hace 1 año,UF,5.600,75 UF/m²,79 UF/m²,74 m²,74 m²,4 m²,,2,2,"Av. Sucre 600, Ñuñoa, Región Metropolitana, Chile, Metro Irarrázaval, Ñuñoa, RM (Metropolitana)",1,,,,,,,,,-33.4501429%2C-70.6215085
https://portalinmobiliario.com/MLC-1552397115-departamento-4-dorm-3-b-vista-al-lago-costanera-villarrica-_JM#polycard_client=search-nordic&position=6&search_layout=grid&type=item&tracking_id=4b1609f9-5172-4560-b9b7-86a08c58bb27,Departamento 4 Dorm 3 B Vista Al Lago Costanera Villarrica,2025-05-12,Publicado hace 1 año,UF,7.950,69 UF/m²,88 UF/m²,115 m²,115 m²,20 m²,,4,3,"Avenida Costanera - Aviador Acevedo, Villarrica, Araucanía, Chile, Centro de Villarrica, Villarrica, La Araucanía",1,1,,,1,Departamento,,15 años,,-39.283939%2C-72.2219392
https://portalinmobiliario.com/MLC-2853052840-estacionamiento-anos-50-67734-_JM#polycard_client=search-nordic&position=27&search_layout=grid&type=item&tracking_id=2534e690-b0b3-4af5-b801-066a93196f9e,Estacionamiento // Años 50 (67734),2025-05-12,Publicado hace 2 meses,UF,9.500,57 UF/m²,81 UF/m²,168 m²,164 m²,4 m²,,3,3,"Rafael Cañas 1 - 300, Providencia, Chile, Salvador, Providencia, RM (Metropolitana)",1,,7,2,6,Departamento,NP,75 años,,-33.4314936%2C-70.6235821
https://portalinmobiliario.com/MLC-2848687562-plaza-de-armas-de-san-bernardo-_JM#polycard_client=search-nordic&position=24&search_layout=grid&type=item&tracking_id=bc34b94f-c4e7-4cf5-8c04-88d38d369a66,Plaza De Armas De San Bernardo,2025-05-12,Publicado hace 2 meses,$,130.000.000,56 UF/m²,49 UF/m²,59 m²,59 m²,,2,2,1,"Plaza De Armas De San Bernardo, Plaza de Armas de San Bernardo, San Bernardo, RM (Metropolitana)",,1,,,,Semi piso,O,0 años,,-33.5923427%2C-70.701524
https://portalinmobiliario.com/MLC-2724072064-departamento-camino-los-ingleses-id-138943-_JM#polycard_client=search-nordic&position=16&search_layout=grid&type=item&tracking_id=38ca40b1-18b5-4bd0-a5e0-a80de846f027,Departamento Camino Los Ingleses Id: 138943,2025-05-12,Publicado hace 7 meses por Houm,UF,2.900,48 UF/m²,51 UF/m²,60 m²,60 m²,,2,2,2,"Camino Los Ingleses, Valparaíso, Valparaíso",1,1,,,,Departamento,N,7 años,,-33.0556946%2C-71.5885759
https://portalinmobiliario.com/MLC-1557943581-amplio-departamento-con-espectacular-vista-al-mar-_JM#polycard_client=search-nordic&position=12&search_layout=grid&type=item&tracking_id=ba75cdd1-9b8b-4742-b1f0-3d9ad7ec9233,Amplio Departamento Con Espectacular Vista Al Mar,2025-05-12,,UF,12.600,90 UF/m²,83 UF/m²,147 m²,140 m²,7 m²,5,5,3,"Viña Del Mar, Reñaca, Viña Del Mar, Valparaíso",2,1,26,3,10,Departamento,NP,23 años,,-32.9593263%2C-71.5443766
https://portalinmobiliario.com/MLC-2846855474-vista-despejada-comodos-espacios-_JM#polycard_client=search-nordic&position=8&search_layout=grid&type=item&tracking_id=2fe04eb3-dd16-4f87-a0cd-6b607a43da9d,"Vista Despejada, Cómodos Espacios",2025-05-12,Publicado hace 2 meses,UF,6.440,92 UF/m²,91 UF/m²,76 m²,70 m²,4 m²,3,3,2,"Pucara 5310, Metro Simón Bolivar, Ñuñoa, RM (Metropolitana)",1,1,,,12,Semi piso,,10 años,,-33.4441775%2C-70.5762769
https://portalinmobiliario.com/MLC-1537512909-venta-departamento-san-miguel-1-dorm-1-b-metro-ciudad-nino-_JM#polycard_client=search-nordic&position=9&search_layout=grid&type=item&tracking_id=245915cf-ab09-4dd6-a851-ab56a94d8444,Venta Departamento San Miguel 1 Dorm 1 B. Metro Ciudad Niño ,2025-05-12,Publicado hace 6 meses por Fuenzalida Santiago Centro,UF,1.900,63 UF/m²,69 UF/m²,30 m²,30 m²,,,1,1,"Cran Avenida/lo Ovalle, Ciudad del Niño, San Miguel, RM (Metropolitana)",,,20,,4,Cocina Incorporada,Nor-poniente,17 años,,-33.5142761%2C-70.6570325
https://portalinmobiliario.com/MLC-2859810124-estupendo-departamento-luis-carrera-kennedy-_JM#polycard_client=search-nordic&position=23&search_layout=grid&type=item&tracking_id=cfa07445-e498-4f09-bf58-3385cadf861c,Estupendo Departamento Luis Carrera / Kennedy.,2025-05-12,Publicado hace 54 días,UF,12.300,80 UF/m²,95 UF/m²,172 m²,153 m²,19 m²,,4,4,"Luis Carrera 1020, 7630716 Vitacura, Región Metropolitana, Chile, Pío XI, Vitacura, RM (Metropolitana)",2,1,,2,12,,SP,25 años,,-33.3994002%2C-70.5759703
https://portalinmobiliario.com/MLC-1566537563-departamento-santiago-centro-_JM#polycard_client=search-nordic&position=47&search_layout=grid&type=item&tracking_id=f0480ecd-0b66-4015-9c0b-15d580847a16,Departamento Santiago Centro ,2025-05-12,Publicado hace 4 meses,UF,2.290,63 UF/m²,67 UF/m²,38 m²,36 m²,2 m²,,1,1,"Santiago, Centro Histórico de Santiago, Santiago, RM (Metropolitana)",1,,20,5,5,Departamento,SO,10 años,,-33.4354076%2C-70.6543125
https://portalinmobiliario.com/MLC-2762896528-departamento-compania-id-89621-_JM#polycard_client=search-nordic&position=41&search_layout=grid&type=item&tracking_id=50cdfe25-bc5d-418e-b4c1-25e439840653,Departamento Compañía Id: 89621,2025-05-12,Publicado hace 6 meses por Houm,UF,2.000,50 UF/m²,57 UF/m²,45 m²,40 m²,,2,2,1,"Compañía, Gruta de Lourdes, Quinta Normal, RM (Metropolitana)",,,,,2,Departamento,,26 años,,-33.4426892%2C-70.6958912
https://portalinmobiliario.com/MLC-1578254675-22380-penthouse-club-manquehue-_JM#polycard_client=search-nordic&position=35&search_layout=grid&type=item&tracking_id=3ed383b1-a353-4f90-8cd7-d33ea5b5e447,22380 - Penthouse / Club Manquehue,2025-05-12,Publicado hace 2 meses por Borquez Y Asociados,UF,17.500,156 UF/m²,105 UF/m²,270 m²,112 m²,158 m²,3,3,3,"Estadio Manquehue, Vitacura, RM (Metropolitana)",,,,,,Penthhouse,SP,3 años,,-33.3924096%2C-70.5784077
https://portalinmobiliario.com/MLC-1577551991-departamento-en-venta-de-4-dorm-en-puerto-varas-_JM#polycard_client=search-nordic&position=15&search_layout=grid&type=item&tracking_id=e5b04e4c-9006-4fcd-bf19-cadd9e406108,Departamento En Venta De 4 Dorm. En Puerto Varas,2025-05-12,Publicado hace 2 meses,UF,21.490,100 UF/m²,81 UF/m²,247 m²,213 m²,34 m²,,4,5,"Hotel Casino Dreams, Puerto Varas, Los Lagos",3,1,5,3,3,Departamento,,6 años,,-41.3199987%2C-72.9800807
https://portalinmobiliario.com/MLC-1584724235-departamento-en-venta-el-milagro-2d2b-en-la-serena-_JM#polycard_client=search-nordic&position=38&search_layout=grid&type=item&tracking_id=94bdea52-c321-4113-ab6b-6cd60d104678,Departamento En Venta El Milagro 2d/2b. En La Serena,2025-05-12,Publicado hace 2 meses,UF,3.900,0 UF/m²,116 UF/m²,85 m²,,8 m²,,2,2,"El Milagro, San Joaquín, La Serena, Coquimbo",1,1,4,3,4,Departamento,P,12 años,,-29.9284151%2C-71.242498
https://portalinmobiliario.com/MLC-1574798355-departamento-en-venta-en-nunoa-_JM#polycard_client=search-nordic&position=1&search_layout=grid&type=item&tracking_id=aff054ae-670c-4a48-9370-1aa70a7cd636,Departamento En Venta En Ñuñoa,2025-05-12,Publicado hace 3 meses,$,133.000.000,48 UF/m²,71 UF/m²,70 m²,70 m²,,,2,2,"Metro Ñuble, Parque San Eugenio - Metro Ñuble, Ñuñoa, RM (Metropolitana)",1,1,8,7,,Departamento,P,29 años,,-33.4704823%2C-70.6233754
https://portalinmobiliario.com/MLC-2837361470-departamento-el-bosque-_JM#polycard_client=search-nordic&position=26&search_layout=grid&type=item&tracking_id=f15a5c8b-d49e-4dbc-a585-b769c19ac408,Departamento El Bosque,2025-05-12,Publicado hace 3 años,$,70.000.000,30 UF/m²,45 UF/m²,57 m²,60 m²,,,3,1,"General Körner 81, El Bosque, Chile, Alejandro Guzmán, El Bosque, RM (Metropolitana)",1,,,,3,,,,,-33.5507556%2C-70.6734185
https://portalinmobiliario.com/MLC-1573032149-camilo-ortuzar-n-4030-macul-venta-3d2b1e1b-_JM#polycard_client=search-nordic&position=36&search_layout=grid&type=item&tracking_id=d89f47be-2827-4313-823f-836b9d243f4e,Camilo Ortuzar N° 4030 - Macul Venta (3d+2b+1e+1b),2025-05-12,Publicado hace 1 año,UF,3.900,48 UF/m²,54 UF/m²,80 m²,80 m²,5 m²,,3,2,"Camilo Ortúzar 4030, Macul, Chile, Metro Las Torres, Macul, RM (Metropolitana)",1,1,18,6,,Departamento,,10 años,,-33.5054691%2C-70.5910713
https://portalinmobiliario.com/MLC-1561857905-miguel-de-olivaresnataniel-cox-73951-_JM#polycard_client=search-nordic&position=28&search_layout=grid&type=item&tracking_id=3a71441b-2a41-4e33-90e2-fe19397411ba,Miguel De Olivares/nataniel Cox (73951),2025-05-12,Publicado hace 4 meses,UF,5.900,39 UF/m²,63 UF/m²,150 m²,150 m²,,,6,3,"Nataniel Cox 210, Bulnes, Santiago, RM (Metropolitana)",,,7,6,3,Departamento,NP,75 años,,-33.4489586%2C-70.6532617
https://portalinmobiliario.com/MLC-2862198918-oportunidad-metro-chile-espana-3d2b2b-2-estacionamientos-_JM#polycard_client=search-nordic&position=21&search_layout=grid&type=item&tracking_id=2bf969e9-66e4-4166-ba09-f958c5e7d919,Oportunidad! Metro Chile España 3d/2b/2b/ 2 Estacionamientos,2025-05-12,Publicado hace 47 días,UF,4.600,57 UF/m²,83 UF/m²,80 m²,80 m²,,,3,2,"Exequiel Fernández 300 - 600, Estadio Nacional, Ñuñoa, RM (Metropolitana)",1,2,12,6,2,Departamento,SO,24 años,,-33.4594459%2C-70.6000635
https://portalinmobiliario.com/MLC-2841593936-venta-dpto-2d-2b-ultimo-piso-pza-egana-_JM#polycard_client=search-nordic&position=43&search_layout=grid&type=item&tracking_id=aedf225b-ff4a-47e8-8f2b-dc9e5ce815e8,Venta Dpto. 2d 2b Último Piso Pza. Egaña,2025-05-12,,UF,5.200,89 UF/m²,84 UF/m²,63 m²,58 m²,5 m²,2,2,2,"Plaza Egaña, Ñuñoa, RM (Metropolitana)",1,1,5,6,5,Departamento,S,1 años,,-33.450225%2C-70.578455
https://portalinmobiliario.com/MLC-2860794180-departamento-en-venta-de-2-dorm-en-vina-del-mar-_JM#polycard_client=search-nordic&position=12&search_layout=grid&type=item&tracking_id=04d6e1f3-cfc5-4c9b-9908-24f977c7196c,Departamento En Venta De 2 Dorm. En Viña Del Mar,2025-05-12,Publicado hace 52 días,UF,3.995,61 UF/m²,70 UF/m²,70 m²,65 m²,5 m²,,2,2,"8 Norte / 4 Poniente, Libertad, Viña Del Mar, Valparaíso",1,,,,5,Departamento,SP,38 años,,-33.0151142%2C-71.5536761
https://portalinmobiliario.com/MLC-1535429911-penthouse-duplex-terraza-panoramica-piscina-privada-_JM#polycard_client=search-nordic&position=17&search_layout=grid&type=item&tracking_id=1c1d06a5-bfcc-4978-a729-cb89b2b0557c,Penthouse Duplex / Terraza Panoramica / Piscina Privada,2025-05-12,Publicado hace 7 meses,UF,57.000,0 UF/m²,145 UF/m²,430 m²,,265 m²,,3,4,"Penthouse Duplex / Terraza Panoramica / Piscina Privada, La Dehesa, Lo Barnechea, RM (Metropolitana)",4,1,2,2,,Departamento,,0 años,,-33.3598795%2C-70.5429789
https://portalinmobiliario.com/MLC-1584650651-funcional-departamento-2d-1b-bodega-y-estacionamiento-_JM#polycard_client=search-nordic&position=43&search_layout=grid&type=item&tracking_id=56659e02-1636-4f23-a39e-20931ee6021c,"Funcional Departamento 2d, 1b, Bodega Y Estacionamiento ",2025-05-12,Publicado hace 8 meses,UF,2.232,57 UF/m²,67 UF/m²,39 m²,39 m²,,,2,1,"San Diego 1473, Parque O'Higgins, Santiago, RM (Metropolitana)",1,1,20,,5,Departamento,O,10 años,,-33.4653292%2C-70.6489784
https://portalinmobiliario.com/MLC-1584544883-departamento-en-venta-de-1-dorm-en-las-condes-_JM#polycard_client=search-nordic&position=42&search_layout=grid&type=item&tracking_id=5eb91e69-4688-4305-984c-58c0af8f8745,Departamento En Venta De 1 Dorm. En Las Condes,2025-05-12,,UF,5.200,106 UF/m²,151 UF/m²,55 m²,49 m²,6 m²,,1,1,"Los Militares Con Alonso De Córdova, Nueva Las Condes, Las Condes, RM (Metropolitana)",1,1,20,4,14,Departamento,SO,20 años,,-33.4071267%2C-70.5764588
https://portalinmobiliario.com/MLC-1580453721-maitencillo-impecable-departamento-con-vista-al-mar-_JM#polycard_client=search-nordic&position=25&search_layout=grid&type=item&tracking_id=f842a37e-e9a5-4713-abea-a1e9ef9f2b6a,"Maitencillo, Impecable Departamento Con Vista Al Mar",2025-05-12,,UF,11.500,116 UF/m²,115 UF/m²,122 m²,99 m²,1 m²,3,3,2,"Maitencillo, Impecable Departamento Con Vista Al Mar, Maitencillo, Puchuncaví, Valparaíso",2,1,1,2,4,Departamento,P,12 años,,-32.6483393%2C-71.4380498
https://portalinmobiliario.com/MLC-1582097579-depto-42m2-1d-1b-estac-bodega-general-jofre-110-_JM#polycard_client=search-nordic&position=26&search_layout=grid&type=item&tracking_id=8a39b489-02cf-49ac-bc0f-52fdc640b04e,"Depto. 42m2 1d +1b  Estac + Bodega, General Jofré 110",2025-05-12,Publicado hace 2 meses,UF,2.800,66 UF/m²,75 UF/m²,42 m²,42 m²,"7,5 m²",,1,1,"Gral. Jofré 110, Santiago, Santa Isabel, Santiago, RM (Metropolitana)",1,1,,,8,Departamento,P,,,-33.4445764%2C-70.6346222
https://portalinmobiliario.com/MLC-1565486917-venta-departamento-cerca-casino-enjoy-coquimbo-_JM#polycard_client=search-nordic&position=40&search_layout=grid&type=item&tracking_id=1d94b228-4d0b-4c1b-b26e-dffd77c97c61,Venta Departamento Cerca Casino Enjoy Coquimbo,2025-05-12,Publicado hace 4 meses,UF,3.450,65 UF/m²,62 UF/m²,53 m²,53 m²,2 m²,,2,1,"Avenida del Mar, La Serena, Coquimbo",1,,1,4,,Departamento,P,1 años,,-29.945705%2C-71.288513
https://portalinmobiliario.com/MLC-2858422956-departamento-se-aceptan-ofertasdomingo-bondi-_JM#polycard_client=search-nordic&position=3&search_layout=grid&type=item&tracking_id=c547990d-41ef-4b78-b4d3-fd43e8f20bf4,Departamento ¡oferta!/domingo Bondi,2025-05-12,Publicado hace 56 días,UF,8.490,70 UF/m²,91 UF/m²,130 m²,120 m²,10 m²,3,,,Verifica que el inmueble exista y desconfía si te dicen que necesitan vender o arrendar con urgencia.,,,,,,,,,,-33.418929%2C-70.5691693
https://portalinmobiliario.com/MLC-2794562292-monjitas-san-antonio-1d1b-_JM#polycard_client=search-nordic&position=29&search_layout=grid&type=item&tracking_id=ad9bb026-6248-49f1-a94c-e6c68b93473b,Monjitas San Antonio 1d/1b ,2025-05-12,Publicado hace 2 años,UF,2.350,73 UF/m²,67 UF/m²,35 m²,32 m²,,,1,1,Verifica que el inmueble exista y desconfía si te dicen que necesitan vender o arrendar con urgencia.,,,,,,,,,,-33.4369682%2C-70.6477287
https://portalinmobiliario.com/MLC-1536804821--penthouse-duplex-plaza-del-hoyo--_JM#polycard_client=search-nordic&position=43&search_layout=grid&type=item&tracking_id=2b251926-9249-4da7-a62f-832642f1fbf1,*** Penthouse Duplex *** Plaza Del Hoyo ***,2025-05-12,Publicado hace 1 año,UF,24.800,99 UF/m²,87 UF/m²,370 m²,250 m²,,,4,4,"Aurelio González 3600, 7630411 Vitacura, Región Metropolitana, Chile, Parque Bicentenario, Vitacura, RM (Metropolitana)",2,1,,,,,NP,,,-33.4029592%2C-70.5996981
https://portalinmobiliario.com/MLC-2860768108-excelente-oportunidad-_JM#polycard_client=search-nordic&position=36&search_layout=grid&type=item&tracking_id=0d90b4ea-38c2-4c17-9cdd-838aa064659b,¡excelente Oportunidad!,2025-05-12,,UF,3.400,56 UF/m²,56 UF/m²,60 m²,60 m²,,,2,2,Revisa el remitente de los e-mails y asegúrate que sean enviados por Portalinmobiliario.com o tu asesor inmobiliario designado.,,,,,,,,,,-33.4362818%2C-70.6543368
https://portalinmobiliario.com/MLC-1586047279-departamento-en-venta-de-3-dorm-en-quilicura-_JM#polycard_client=search-nordic&position=26&search_layout=grid&type=item&tracking_id=6b6f631f-953a-41ee-b032-1b88e6d8ff27,Departamento En Venta De 3 Dorm. En Quilicura,2025-05-12,Publicado hace 1 mes,$,110.000.000,48 UF/m²,43 UF/m²,58 m²,58 m²,,,3,2,"Ramon Vergara 99, Mall Arauco Quilicura, Quilicura, RM (Metropolitana)",1,,,,,Departamento,,15 años,,-33.3626385%2C-70.7234557
https://portalinmobiliario.com/MLC-2854136450-departamento-en-venta-en-barrio-toesca-85212-_JM#polycard_client=search-nordic&position=18&search_layout=gallery&type=item&tracking_id=1f938e87-606c-455c-b091-4a811775f8f6,Departamento En Venta  En Barrio Toesca (85212),2025-05-12,Publicado hace 2 meses,UF,2.150,65 UF/m²,68 UF/m²,37 m²,33 m²,4 m²,,1,1,"Avenida Ejército Libertador 1 - 300, Ejército - Toesca, Santiago, RM (Metropolitana)",1,1,8,4,1,Departamento,,15 años,,-33.4539662%2C-70.660018
https://portalinmobiliario.com/MLC-1583992603-departamento-en-venta-en-santiago-_JM#polycard_client=search-nordic&position=15&search_layout=grid&type=item&tracking_id=ff6a51f5-d7d0-410d-a52c-88862b1321aa,Departamento En Venta En Santiago,2025-05-12,Publicado hace 2 meses,UF,2.754,59 UF/m²,67 UF/m²,49 m²,46 m²,3 m²,,1,,Verifica que el inmueble exista y desconfía si te dicen que necesitan vender o arrendar con urgencia.,,,,,,,,,,-33.4354718%2C-70.6565208
https://portalinmobiliario.com/MLC-1549248029-vendo-hermoso-departamento-3-dormitorios-estacionamiento-_JM#polycard_client=search-nordic&position=5&search_layout=grid&type=item&tracking_id=45be6fef-40ef-4221-aeca-03cc6108994f,Vendo Hermoso Departamento 3 Dormitorios Estacionamiento ,2025-05-12,Publicado hace 11 meses,UF,3.250,47 UF/m²,55 UF/m²,69 m²,69 m²,6 m²,,3,2,"Avenida Centenario, San Miguel, Chile, Ciudad del Niño, San Miguel, RM (Metropolitana)",1,,5,5,2,Departamento,SO,25 años,,-33.5133403%2C-70.6553892
https://portalinmobiliario.com/MLC-2848585252-departamento-en-venta-de-3-dorm-balmaceda-2914-santiago-_JM#polycard_client=search-nordic&position=7&search_layout=grid&type=item&tracking_id=fea01474-1f85-4e6c-8614-eb3e4b88bf06,"Departamento En Venta De 3 Dorm Balmaceda 2914, Santiago",2025-05-12,Publicado hace 2 meses,$,78.000.000,37 UF/m²,50 UF/m²,53 m²,53 m²,,,3,2,Verifica que el inmueble exista y desconfía si te dicen que necesitan vender o arrendar con urgencia.,,,,,,,,,,-33.4269062%2C-70.6771483
https://portalinmobiliario.com/MLC-1582556767-okinawa-_JM#polycard_client=search-nordic&position=14&search_layout=grid&type=item&tracking_id=cb423f33-415c-4ddb-a63c-26af420b134b,Okinawa,2025-05-12,Publicado hace 2 meses,UF,2.590,0 UF/m²,82 UF/m²,"34,53 m²",,,1,1,1,"Okinawa 6930, Plaza Vespucio, La Florida, RM (Metropolitana)",,,8,,,,,3 años,,-33.5190374%2C-70.598292
https://portalinmobiliario.com/MLC-1584440979-luminoso-departamento-cerano-a-mall-sport-_JM#polycard_client=search-nordic&position=23&search_layout=grid&type=item&tracking_id=2a2b23c9-e807-47be-b6ff-cd6314a8d020,Luminoso Departamento Cerano A Mall Sport!,2025-05-12,Publicado hace 2 meses,UF,7.300,108 UF/m²,107 UF/m²,73 m²,67 m²,6 m²,,2,2,"Mall Sport, Plaza San Enrique, Lo Barnechea, RM (Metropolitana)",2,1,15,10,,Departamento,NP,12 años,,-33.3689486%2C-70.5043973
https://portalinmobiliario.com/MLC-2824876908-en-venta-departamento-duplex-_JM#polycard_client=search-nordic&position=39&search_layout=grid&type=item&tracking_id=09c03252-f3b4-45e7-a6a0-28f3e638c378,En Venta Departamento Duplex,2025-05-12,Publicado hace 10 meses,$,90.000.000,41 UF/m²,57 UF/m²,56 m²,56 m²,,,2,1,"Avenida Ejército Libertador, Santiago, Chile, Ejército - Toesca, Santiago, RM (Metropolitana)",,1,4,4,3,Dúplex,O,20 años,,-33.4519319%2C-70.660507
https://portalinmobiliario.com/MLC-2855299170-se-vende-hermoso-departamento-ubicado-en-la-comuna-de-maipul-_JM#polycard_client=search-nordic&position=30&search_layout=grid&type=item&tracking_id=390cc159-86bb-40e0-a602-980d11ff00eb,Se Vende Hermoso Departamento Ubicado En La Comuna De Maipul,2025-05-12,Publicado hace 4 meses,$,90.000.000,46 UF/m²,53 UF/m²,50 m²,50 m²,3 m²,,2,1,"Av. Américo Vespucio 1264, Maipú, El Rosal, Maipú, RM (Metropolitana)",1,1,15,4,1,Departamento,,10 años,,-33.4769998%2C-70.7575352
https://portalinmobiliario.com/MLC-2851890602-departamento-2d-1b-maravillosa-vista-oriente-_JM#polycard_client=search-nordic&position=15&search_layout=grid&type=item&tracking_id=8dbc9ca3-7327-4258-9dcf-cf3df4e0c58e,Departamento 2d 1b Maravillosa Vista Oriente,2025-05-12,Publicado hace 2 meses,UF,2.500,50 UF/m²,63 UF/m²,54 m²,50 m²,,,2,1,"Avenida Santa Maria 571, Patronato, Recoleta, RM (Metropolitana)",,,,,,,,,,-33.432861%2C-70.6467016
https://portalinmobiliario.com/MLC-1574799427-moderno-equipamiento-departamento-en-venta-en-valparaiso-_JM#polycard_client=search-nordic&position=44&search_layout=grid&type=item&tracking_id=07ca4448-e91c-421c-8397-8a414c6d4488,Moderno Equipamiento Departamento En Venta En Valparaíso,2025-05-12,Publicado hace 3 meses,$,104.000.000,62 UF/m²,93 UF/m²,46 m²,43 m²,3 m²,,2,1,"Frankfurt Con Hamburgo, Cerro Placeres, Valparaíso, Valparaíso",1,,22,6,,Departamento,SP,3 años,,-33.0454674%2C-71.577975
https://portalinmobiliario.com/MLC-2709539522-departamento-en-venta-en-lo-barnechea-_JM#polycard_client=search-nordic&position=31&search_layout=grid&type=item&tracking_id=cc7b2b01-14e8-4168-812e-55af5842970d,Departamento En Venta En Lo Barnechea,2025-05-12,,UF,6.990,122 UF/m²,106 UF/m²,65 m²,57 m²,8 m²,,2,2,"El Rodeo, Antigua Lo Barnechea, Lo Barnechea, RM (Metropolitana)",2,1,3,10,1,Departamento,O,5 años,,-33.3529738%2C-70.50903
https://portalinmobiliario.com/MLC-2840723198-departamento-en-ventaen-comuna-de-la-florida-_JM#polycard_client=search-nordic&position=32&search_layout=gallery&type=item&tracking_id=5f9d24f7-7f5a-4a1d-813e-4a2bff738983,Departamento En Venta En Comuna De La Florida,2025-05-12,Publicado hace 3 meses,UF,4.000,74 UF/m²,57 UF/m²,54 m²,54 m²,,,2,2,"Millaray 300 - 450, Comuna De La Florida. Cond Mirador Activa, Metro Mirador, La Florida, RM (Metropolitana)",1,1,,,,Departamento,,0 años,,-33.5149681%2C-70.6103294
https://portalinmobiliario.com/MLC-1584601233-venta-amplio-dpto-3d2b-alcantara-vaticano-_JM#polycard_client=search-nordic&position=7&search_layout=grid&type=item&tracking_id=0ad788eb-5d3b-421b-8f6f-cb6511a203f3,"Venta Amplio Dpto. 3d/2b, Alcantara / Vaticano",2025-05-12,Publicado hace 2 meses,UF,7.600,78 UF/m²,93 UF/m²,119 m²,97 m²,22 m²,3,3,2,"Alcántara / Vaticano / Metro Colón, Vaticano, Las Condes, RM (Metropolitana)",1,1,10,,,Departamento,SO,28 años,,-33.4263098%2C-70.584871
https://portalinmobiliario.com/MLC-1591256837-departamento-en-venta-condominio-los-aradanos-los-carrea-883-_JM#polycard_client=search-nordic&position=43&search_layout=grid&type=item&tracking_id=cb9146a8-f5bf-4197-985f-7826d7d658f7,Departamento En Venta Condominio Los Arádanos Los Carrea 883,2025-05-12,Publicado hace 2 meses,$,82.000.000,36 UF/m²,46 UF/m²,"57,65 m²","57,65 m²",,,2,1,"Av. Los Carrera 883, Los Angeles, Los Ángeles, Los Ángeles, Biobío",1,,,,4,Departamento,,1 años,,-37.4827809%2C-72.3480628
https://portalinmobiliario.com/MLC-1565845939-departamento-en-venta-de-dos-dormitorios-comuna-de-conchali-_JM#polycard_client=search-nordic&position=32&search_layout=grid&type=item&tracking_id=24787041-a33c-498f-b4a2-78b4b62fa49a,Departamento En Venta De Dos Dormitorios Comuna De Conchalí ,2025-05-12,Publicado hace 1 año,$,72.000.000,39 UF/m²,84 UF/m²,47 m²,47 m²,,,2,1,"Ernesto Ried 5805, Conchalí, Chile, Cardenal Caro, Conchalí, RM (Metropolitana)",,,4,2,4,Departamento,O,6 años,,-33.3714938%2C-70.6806269
https://portalinmobiliario.com/MLC-1572222385-departamento-studio-en-edificio-smart-isla-teja-_JM#polycard_client=search-nordic&position=45&search_layout=grid&type=item&tracking_id=e667d504-1fae-4450-98dd-1d398695be1e,Departamento Studio En Edificio Smart Isla Teja ,2025-05-12,Publicado hace 9 meses,UF,2.615,106 UF/m²,213 UF/m²,"24,44 m²","24,44 m²",,,1,1,"Los Laureles 270, 5090000 Valdivia, Los Ríos, Chile, Isla Teja, Valdivia, Los Ríos",,,,,3,Departamento,NP,2 años,,-39.8140658%2C-73.255052
https://portalinmobiliario.com/MLC-1586779309-se-vende-departamento-condominio-fuentes-de-chiguayante-_JM#polycard_client=search-nordic&position=39&search_layout=grid&type=item&tracking_id=e6d507ff-a485-4695-b919-c3f2d4cc6fdc,Se Vende Departamento Condominio Fuentes De Chiguayante,2025-05-12,Publicado hace 59 días,UF,1.814,,,54 m²,51 m²,3 m²,4,3,1,"Se Vede Departamento Condominio Fuentes De Chiguayante, La Leonera, Chiguayante, Biobío",1,,3,4,3,Departamento,,10 años,,-36.9472963%2C-73.0183193
https://portalinmobiliario.com/MLC-1590733239-venta-amoblado-luminoso-3-d-2-b-balcon-uf-4300--_JM#polycard_client=search-nordic&position=28&search_layout=grid&type=item&tracking_id=a970fc77-ce57-4392-8a5e-34ad2df410ce,Venta  Amoblado Luminoso 3 D 2 B  Balcón.  Uf 4300 . ,2025-05-12,Publicado hace 48 días,UF,4.300,,,88 m²,83 m²,5 m²,,3,3,"Bernardo O'higgins, Calama, Calama Poniente, Calama, Antofagasta",,1,8,6,,,,,,-22.4515935%2C-68.934299
https://portalinmobiliario.com/MLC-1585280773-departamento-2d-2b-cocina-cerrada-en-la-florida-_JM#polycard_client=search-nordic&position=32&search_layout=grid&type=item&tracking_id=0b4d1098-eb0d-41e9-9bb6-214f88d8f1fc,"Departamento 2d, 2b, Cocina Cerrada En La Florida",2025-05-12,Publicado hace 2 meses,UF,4.900,68 UF/m²,57 UF/m²,81 m²,72 m²,,,2,2,"Avenida La Florida 9423, La Florida Alto, La Florida, RM (Metropolitana)",1,,,,,,,,,-33.5427614%2C-70.5707508
https://portalinmobiliario.com/MLC-1586637333-precioso-y-comodo-departamento-en-villa-los-canelos-_JM#polycard_client=search-nordic&position=46&search_layout=grid&type=item&tracking_id=222bcbd2-4b7d-49dd-8f78-32dc46917ea6,Precioso Y Cómodo Departamento En Villa Los Canelos,2025-05-12,Publicado hace 59 días,UF,3.900,61 UF/m²,64 UF/m²,66 m²,63 m²,3 m²,2,2,2,"Vendo Precioso Departamento,  Villa Los Canelos, Villa San Pedro - Bayona, San Pedro De La Paz, Biobío",1,1,1,6,5,Departamento,P,10 años,,-36.8408063%2C-73.0960271
https://portalinmobiliario.com/MLC-1589220853-diego-de-almagro-willie-arthur-_JM#polycard_client=search-nordic&position=11&search_layout=grid&type=item&tracking_id=8a752ae7-e72a-459d-bfd5-10d2a85bd541,Diego De Almagro / Willie Arthur,2025-05-12,Publicado hace 52 días,UF,12.450,115 UF/m²,84 UF/m²,176 m²,108 m²,68 m²,,2,2,"Willie Arthur 2100 - 2400, Inés de Suárez, Providencia, RM (Metropolitana)",2,1,7,8,7,Departamento,,7 años,,-33.4430229%2C-70.6043621
https://portalinmobiliario.com/MLC-2805638624-departamento-en-venta-de-3-dorm-en-providencia-_JM#polycard_client=search-nordic&position=42&search_layout=grid&type=item&tracking_id=a95e09fe-520a-4df6-ad25-a9c1d863b21a,Departamento En Venta De 3 Dorm. En Providencia,2025-05-12,Publicado hace 4 meses por Grupo C&b Propiedades,UF,11.950,94 UF/m²,91 UF/m²,146 m²,126 m²,20 m²,,3,3,"Tobalaba / Eliodoro Yañez, Las Lilas, Providencia, RM (Metropolitana)",2,1,10,2,,Estándar,Nor-Poniente,45 años,,-33.425328%2C-70.5926079
https://portalinmobiliario.com/MLC-1589496889-lindo-depart-2-dor-2-ban-estac-bod-piscina-metro-irarrazabal-_JM#polycard_client=search-nordic&position=44&search_layout=grid&type=item&tracking_id=a83d5287-3384-4ff7-9375-07b436682000,Lindo Depart 2 Dor 2 Bañ Estac Bod Piscina Metro Irarrazabal,2025-05-12,Publicado hace 52 días,UF,3.350,76 UF/m²,73 UF/m²,"46,59 m²","43,72 m²","2,87 m²",,2,2,"García Valenzuela, Ñuñoa, Metro Irarrázaval, Ñuñoa, RM (Metropolitana)",1,1,25,6,7,Departamento,N,9 años,,-33.4513949%2C-70.630225
https://portalinmobiliario.com/MLC-2864825432-se-vende-departamento-3d-1b-en-quinta-normal-_JM#polycard_client=search-nordic&position=1&search_layout=grid&type=item&tracking_id=8b691687-f3a0-490f-9acf-e428a921a70d,Se Vende Departamento 3d-1b En Quinta Normal,2025-05-12,Publicado hace 42 días,UF,2.500,44 UF/m²,47 UF/m²,56 m²,56 m²,6 m²,2,3,1,"Pedro León Ugalde, 864, Quinta Normal, RM (Metropolitana)",1,,17,8,10,Departamento,S,7 años,,-33.4420911%2C-70.6995089
https://portalinmobiliario.com/MLC-1584598761-rivas-gran-avenida-_JM#polycard_client=search-nordic&position=9&search_layout=grid&type=item&tracking_id=cfe6400c-6634-4889-8050-c32c6c990160,Rivas / Gran Avenida,2025-05-12,Publicado hace 2 meses,UF,3.100,68 UF/m²,44 UF/m²,47 m²,45 m²,2 m²,2,2,2,"Rivas / Gran Avenida, Nueva San Martín, Maipú, RM (Metropolitana)",1,,,10,,Departamento,,0 años,,-33.5502659%2C-70.7916906
https://portalinmobiliario.com/MLC-1543267671-depto-semi-nuevo-de-1-dorm-en-suite-stgo-centro-_JM#polycard_client=search-nordic&position=20&search_layout=grid&type=item&tracking_id=a550f9fd-9393-4dd6-bab3-5a437b251c69,Depto Semi Nuevo De 1 Dorm En Suite Stgo Centro,2025-05-12,Publicado hace 6 meses,UF,2.900,91 UF/m²,68 UF/m²,"31,68 m²","31,68 m²","2,48 m²",,1,1,"Nataniel Cox, Diez De Julio, Parque Almagro, Santiago, RM (Metropolitana)",,,9,,,Cocina Incorporada,Oriente,4 años,,-33.4565514%2C-70.6515332
https://portalinmobiliario.com/MLC-1564483127-se-vende-estupendo-departamento-en-concepcion-_JM#polycard_client=search-nordic&position=18&search_layout=gallery&type=item&tracking_id=26e577a6-bc13-4ef2-a7dd-a3dc310bb9d2,Se Vende Estupendo Departamento En Concepcion ,2025-05-12,Publicado hace 7 meses,$,145.000.000,46 UF/m²,57 UF/m²,80 m²,80 m²,,,3,2,"Manuel Bulnes 1476, Barrio Oriente - Las Tres Pascualas, Concepción, Biobío",1,1,11,,,,,,,-36.8164927%2C-73.0435609
https://portalinmobiliario.com/MLC-2761138174-departamento-metro-monsenor-eyzaguirre-_JM#polycard_client=search-nordic&position=9&search_layout=grid&type=item&tracking_id=f9a756f9-8f6a-4e2b-807c-b9fdadadd39f,Departamento Metro Monseñor Eyzaguirre,2025-05-12,Publicado hace 2 años,UF,6.250,66 UF/m²,83 UF/m²,94 m²,94 m²,,,3,2,"Quirihue 250, Ñuñoa, Chile, Metro Monseñor Eyzaguirre, Ñuñoa, RM (Metropolitana)",1,1,,,,,,,,-33.4555733%2C-70.6123382
https://portalinmobiliario.com/MLC-1578295793-departamento-en-venta-de-3-dorm-en-las-condes-_JM#polycard_client=search-nordic&position=46&search_layout=grid&type=item&tracking_id=222425ab-b4b8-4105-9aa9-9ffd65a9ab55,Departamento En Venta De 3 Dorm. En Las Condes,2025-05-12,Publicado hace 2 meses por Ascui Propiedades,UF,14.800,105 UF/m²,91 UF/m²,200 m²,140 m²,60 m²,,3,3,"Marco Polo/ Vaticano, Vaticano, Las Condes, RM (Metropolitana)",2,1,18,2,8,Departamento,SO,30 años,,-33.426898%2C-70.5876568
https://portalinmobiliario.com/MLC-1571155589-espectacular-departamento-nuevo-en-vitacura-_JM#polycard_client=search-nordic&position=9&search_layout=grid&type=item&tracking_id=6fcd7b4f-cbfa-4d5a-b4f7-3327712a09d9,Espectacular Departamento Nuevo En Vitacura,2025-05-12,Publicado hace 3 meses,UF,11.300,157 UF/m²,116 UF/m²,"85,8 m²","71,9 m²","13,9 m²",2,2,2,"Estadio Manquehue, Estadio Manquehue, Vitacura, RM (Metropolitana)",,,4,,,Departamento,S,0 años,,-33.3927866%2C-70.5769865
https://portalinmobiliario.com/MLC-1565791087-venta-depto-3d2b-cestac-a-pasos-de-est-metro-miramar-_JM#polycard_client=search-nordic&position=8&search_layout=gallery&type=item&tracking_id=523a3150-adf3-41a2-bb08-fe9608186a9a,Venta Depto. 3d/2b C/estac. - A Pasos De Est. Metro Miramar,2025-05-12,Publicado hace 1 año,UF,4.850,57 UF/m²,67 UF/m²,90 m²,85 m²,3 m²,,3,2,"San José Oriente 133, Viña Del Mar, Chile, Agua Santa, Viña Del Mar, Valparaíso",1,1,11,2,3,Departamento,,28 años,,-33.0284362%2C-71.5610002
https://portalinmobiliario.com/MLC-1559664513-departamento-en-venta-en-las-condes-_JM#polycard_client=search-nordic&position=4&search_layout=grid&type=item&tracking_id=711d5f85-8786-4636-ae40-0eeaad47755c,Departamento En Venta En Las Condes,2025-05-12,,UF,6.990,93 UF/m²,102 UF/m²,80 m²,75 m²,5 m²,,2,2,"El Golf, Barrio El Golf, Las Condes, RM (Metropolitana)",1,1,3,,2,Departamento,N,0 años,,-33.4163317%2C-70.5880174
https://portalinmobiliario.com/MLC-2841615970-departamento-remodelado-ubicado-en-excelente-sector-del-golf-_JM#polycard_client=search-nordic&position=43&search_layout=grid&type=item&tracking_id=aa1e2219-7530-42cf-be5f-4cff7e921484,Departamento Remodelado Ubicado En Excelente Sector Del Golf,2025-05-12,,UF,9.100,79 UF/m²,89 UF/m²,120 m²,115 m²,5 m²,5,4,3,"Plaza Perú, Barrio El Golf, Las Condes, RM (Metropolitana)",1,1,11,4,,Departamento,NP,42 años,,-33.4162642%2C-70.597873
https://portalinmobiliario.com/MLC-1569567577-visviri-mall-plaza-los-dominicos-2-estac-y-bodega-_JM#polycard_client=search-nordic&position=37&search_layout=grid&type=item&tracking_id=54ad9be1-912e-45c4-9031-211192bbf9b5,Visviri / Mall Plaza Los Domínicos / 2 Estac. Y Bodega,2025-05-12,Publicado hace 3 meses,UF,9.500,93 UF/m²,86 UF/m²,117 m²,102 m²,15 m²,,3,3,"Visviri 1550, Las Condes, Colón Oriente - Vital Apoquindo, Las Condes, RM (Metropolitana)",2,1,,,14,Departamento,O,,,-33.4230767%2C-70.53974
https://portalinmobiliario.com/MLC-1591511767-excelente-departamento-_JM#polycard_client=search-nordic&position=12&search_layout=grid&type=item&tracking_id=565d2e97-b938-4e4f-aa63-f152d30b64cb,Jardín Del Mar Excelente Departamento Remodelado ,2025-05-12,Publicado hace 46 días,UF,5.590,66 UF/m²,74 UF/m²,84 m²,84 m²,,,3,2,"Jardín Del Mar, Viña Del Mar, Reñaca, Viña Del Mar, Valparaíso",1,1,10,3,9,Departamento,NP,35 años,,-32.9763982%2C-71.5394676
https://portalinmobiliario.com/MLC-2859546418-lindo-y-comodo-departamento-73514-_JM#polycard_client=search-nordic&position=25&search_layout=grid&type=item&tracking_id=fa91a414-c57c-4b89-bb20-99c80ea606c0,Lindo Y Cómodo Departamento! (73514),2025-05-12,Publicado hace 54 días,$,124.900.000,48 UF/m²,62 UF/m²,78 m²,66 m²,12 m²,,3,2,"Camino El Yeco 600 - 900, Algarrobo, Valparaíso",1,,1,4,2,Departamento,O,7 años,,-33.3105937%2C-71.6432487
https://portalinmobiliario.com/MLC-1545069799-en-condominioexcelente-ubicacionseguridad-_JM#polycard_client=search-nordic&position=13&search_layout=grid&type=item&tracking_id=aa5a7111-cd79-4170-a586-1ca132ae25eb,En Condominio/excelente Ubicación/seguridad,2025-05-12,Publicado hace 6 meses,UF,2.250,75 UF/m²,90 UF/m²,32 m²,30 m²,2 m²,,1,1,"Av. Macul 3198, Santa Julia de Macul, Macul, RM (Metropolitana)",,,,,6,Departamento,SO,,,-33.4838398%2C-70.598793
https://portalinmobiliario.com/MLC-1591725985-sin-comision-m-ines-de-suarez-nuevo-_JM#polycard_client=search-nordic&position=3&search_layout=grid&type=item&tracking_id=a8f59bba-62e1-4daa-82d5-4641b2252c1b,Sin Comisión / M. Inés De Suarez / Nuevo,2025-05-12,Publicado hace 45 días,UF,5.910,134 UF/m²,128 UF/m²,48 m²,44 m²,4 m²,,1,1,"Mar Del Plata, Pedro de Valdivia, Providencia, RM (Metropolitana)",,1,9,6,9,Departamento,S,1 años,,-33.433972%2C-70.6083819
https://portalinmobiliario.com/MLC-2857590890-departamento-en-iquique-_JM#polycard_client=search-nordic&position=37&search_layout=grid&type=item&tracking_id=0969ac3e-4cc9-40b7-99a5-5374dda24ee7,Departamento En Iquique,2025-05-12,Publicado hace 58 días,$,75.000.000,55 UF/m²,67 UF/m²,37 m²,35 m²,2 m²,,1,1,"Edif. Nuevo Centro, Centro de Iquique, Iquique, Tarapacá",1,1,,,5,Departamento,,0 años,,-20.2134834%2C-70.1459991
https://portalinmobiliario.com/MLC-1591533365-departamento-3-dorm-mas-servicios-rotonda-atenas-_JM#polycard_client=search-nordic&position=19&search_layout=grid&type=item&tracking_id=7d43ae7e-9b0d-449f-8734-fc34f4b78ad6,"Departamento 3 Dorm. Más Servicios, Rotonda Atenas",2025-05-12,Publicado hace 45 días,UF,7.990,73 UF/m²,92 UF/m²,112 m²,108 m²,4 m²,5,3,2,"Robinson Crusoe, Rotonda Atenas, Las Condes, RM (Metropolitana)",2,1,13,4,10,Departamento,NP,28 años,,-33.4183751%2C-70.5556537
https://portalinmobiliario.com/MLC-1566472625-bello-dpto-en-tucapel-jimenez-santiago-_JM#polycard_client=search-nordic&position=41&search_layout=grid&type=item&tracking_id=ae2ac294-30f3-4342-a65e-2ec3dbb86c5c,"Bello Dpto. En Tucapel Jiménez, Santiago.",2025-05-12,Publicado hace 4 meses,UF,2.000,54 UF/m²,67 UF/m²,39 m²,37 m²,2 m²,2,1,1,"Bello Dpto. En Tucapel Jiménez, Santiago., Centro Histórico de Santiago, Santiago, RM (Metropolitana)",,1,22,,22,Departamento,P,16 años,,-33.4433352%2C-70.659137
https://portalinmobiliario.com/MLC-1578267673-departamento-en-venta-en-santiago-_JM#polycard_client=search-nordic&position=3&search_layout=grid&type=item&tracking_id=951dacf4-7870-4618-a65d-0cf7097e7f4f,Departamento En Venta En Santiago,2025-05-12,Publicado hace 2 meses,UF,3.500,67 UF/m²,57 UF/m²,54 m²,52 m²,2 m²,,2,2,"Santa Rosa Con Santa Isabel, San Diego, Santiago, RM (Metropolitana)",1,,14,,9,Departamento,O,7 años,,-33.4491378%2C-70.6452304
https://portalinmobiliario.com/MLC-2831491732-excelente-departamento-luis-carrera-con-candelaria-g-_JM#polycard_client=search-nordic&position=30&search_layout=grid&type=item&tracking_id=cb28d1c2-0a61-4d28-ab07-39c32889bb9f,Excelente Departamento Luis Carrera Con Candelaria G.,2025-05-12,Publicado hace 3 meses,UF,17.400,96 UF/m²,94 UF/m²,180 m²,180 m²,20 m²,,4,5,"Luis Carrera 2150, Vitacura, Jardín Del Este, Vitacura, RM (Metropolitana)",2,1,5,3,2,Departamento,O,,,-33.3906831%2C-70.5861529
https://portalinmobiliario.com/MLC-1585588805-luis-carrera-i-full-remodelado-i-amplio-e-impecable-_JM#polycard_client=search-nordic&position=35&search_layout=grid&type=item&tracking_id=cb28d1c2-0a61-4d28-ab07-39c32889bb9f,Luis Carrera I Full Remodelado I Amplio E Impecable,2025-05-12,Publicado hace 11 meses por Vitacura Brokers,UF,12.300,87 UF/m²,104 UF/m²,165 m²,140 m²,25 m²,,3,3,"Luis Carrera, Vitacura, Chile, Jardín Del Este, Vitacura, RM (Metropolitana)",2,1,5,2,4,Departamento,,32 años,,-33.3917573%2C-70.5834157
https://portalinmobiliario.com/MLC-2829588988-excelente-depto-navio-san-martin-2-dorm-1-bano-vista-_JM#polycard_client=search-nordic&position=36&search_layout=grid&type=item&tracking_id=78b4535e-aa9b-416a-a18c-802409497e33,"Excelente Depto., Navío San Martín, 2 Dorm., 1 Baño, Vista.",2025-05-12,Publicado hace 4 meses,UF,2.000,43 UF/m²,71 UF/m²,47 m²,46 m²,1 m²,,2,1,"Navío San Martín, Valparaíso, Valparaíso, Valparaíso",,,20,7,1,Departamento,NP,5 años,,-33.0615741%2C-71.5851781
https://portalinmobiliario.com/MLC-1592268103-precioso-y-excelente-ubicacion-renaca-2d2b1b1e-rebajado-_JM#polycard_client=search-nordic&position=27&search_layout=grid&type=item&tracking_id=e34cc7ef-fc39-4b94-a240-30d80434cfb9,Precioso Y Excelente Ubicacion Reñaca 2d2b1b1e Rebajado!!!,2025-05-12,Publicado hace 3 meses,UF,4.790,82 UF/m²,82 UF/m²,96 m²,58 m²,38 m²,,2,,Verifica que el inmueble exista y desconfía si te dicen que necesitan vender o arrendar con urgencia.,,,,,,,,,,-32.9567372%2C-71.5434773
https://portalinmobiliario.com/MLC-1548314247-lindo-departamento-en-cochoa-_JM#polycard_client=search-nordic&position=48&search_layout=grid&type=item&tracking_id=e34cc7ef-fc39-4b94-a240-30d80434cfb9,Lindo Departamento En Cochoa,2025-05-12,,UF,3.850,77 UF/m²,143 UF/m²,50 m²,50 m²,,1,1,,Revisa el remitente de los e-mails y asegúrate que sean enviados por Portalinmobiliario.com o tu asesor inmobiliario designado.,,,,,,,,,,-32.95238%2C-71.54651
https://portalinmobiliario.com/MLC-1585915585-broker-vende-promesa-foresta-entrega-febrero-2025-_JM#polycard_client=search-nordic&position=35&search_layout=grid&type=item&tracking_id=5a576dc0-2e0d-4840-a2d4-f2abd1d6c5ee,Broker Vende Promesa Foresta Entrega Febrero 2025,2025-05-12,Publicado hace 1 mes,UF,12.500,89 UF/m²,84 UF/m²,162 m²,139 m²,19 m²,,3,3,"Los Médanos 1 - 300, Viña Del Mar, Concón, Chile, Reñaca, Viña Del Mar, Valparaíso",2,1,14,3,14,Departamento,NP,0 años,,-32.9517199%2C-71.5412858
https://portalinmobiliario.com/MLC-2863808286-lindo-departamento-en-renaca-frente-av-borgono-3-dorm-3-bano-_JM#polycard_client=search-nordic&position=37&search_layout=grid&type=item&tracking_id=5a576dc0-2e0d-4840-a2d4-f2abd1d6c5ee,Lindo Departamento En Reñaca Frente Av Borgoño 3 Dorm 3 Baño,2025-05-12,Publicado hace 45 días,UF,9.000,90 UF/m²,74 UF/m²,100 m²,100 m²,4 m²,,3,3,"Avenida Jardín Del Mar, Viña Del Mar, Reñaca, Viña Del Mar, Valparaíso",1,1,5,2,2,Departamento,NP,35 años,,-32.9838741%2C-71.5355433
https://portalinmobiliario.com/MLC-1584713309-departamento-muy-iluminado-en-la-foresta-_JM#polycard_client=search-nordic&position=18&search_layout=grid&type=item&tracking_id=cddd77a4-8827-4785-b311-3662def6e4db,Departamento Muy Iluminado En La Foresta,2025-05-12,Publicado hace 1 año,UF,11.400,71 UF/m²,75 UF/m²,170 m²,160 m²,,,4,3,"Avenida Gastón Hamel Nieto, Viña Del Mar, Chile, Reñaca, Viña Del Mar, Valparaíso",2,1,,,,,,,,-32.9609264%2C-71.5395485
https://portalinmobiliario.com/MLC-1569839671-departamento-en-renaca-sector-colegio-mackay--_JM#polycard_client=search-nordic&position=30&search_layout=grid&type=item&tracking_id=cddd77a4-8827-4785-b311-3662def6e4db,"Departamento En Reñaca ,  Sector Colegio Mackay .",2025-05-12,Publicado hace 3 años,UF,5.000,64 UF/m²,82 UF/m²,78 m²,78 m²,,,3,2,Verifica que el inmueble exista y desconfía si te dicen que necesitan vender o arrendar con urgencia.,,,,,,,,,,-32.9709969%2C-71.5351257
https://portalinmobiliario.com/MLC-2826212082-venta-departamento-inversion-con-estacionamiento-santiago-_JM#polycard_client=search-nordic&position=42&search_layout=grid&type=item&tracking_id=ff67b414-ffea-41c9-a713-fc8a6b767263,Venta Departamento Inversion Con Estacionamiento Santiago ,2025-05-12,,UF,1.850,66 UF/m²,73 UF/m²,28 m²,28 m²,,,1,1,"A Pasos De Estaciones De Metro Santa Isabel, U. Catolica, Santa Lucia, Santa Isabel, Santiago, RM (Metropolitana)",1,,,,,Departamento,P,0 años,,-33.4506766%2C-70.6400078
https://portalinmobiliario.com/MLC-1568047353-departamento-en-venta-de-1-dorm-en-santiago-_JM#polycard_client=search-nordic&position=31&search_layout=grid&type=item&tracking_id=1af66048-d782-4eab-aba9-746e8568dead,Vendo Departamento 1 Dormitorio / Metro Parque Almagro-rm,2025-05-12,Publicado hace 4 meses,UF,1.990,49 UF/m²,73 UF/m²,45 m²,40 m²,5 m²,,1,1,"Cercano A Santa Isabel, Santa Isabel, Santiago, RM (Metropolitana)",,1,20,8,15,Departamento,,25 años,,-33.4499254%2C-70.6428509
https://portalinmobiliario.com/MLC-2832516572-se-vende-dpto-1-dorm-1-bano-en-stgo-centro-vista-norte-_JM#polycard_client=search-nordic&position=36&search_layout=grid&type=item&tracking_id=1eae57d2-6793-4967-b641-4512e29c2c9e,Se Vende Dpto  1 Dorm 1 Baño En Stgo Centro. Vista Norte,2025-05-12,Publicado hace 3 meses,UF,2.000,66 UF/m²,73 UF/m²,32 m²,30 m²,4 m²,,1,1,"Portugal 415, Santa Isabel, Santiago, RM (Metropolitana)",,1,25,,,Departamento,,13 años,,-33.4473419%2C-70.635731
https://portalinmobiliario.com/MLC-1580235093-departamento-san-isidromarcoleta-_JM#polycard_client=search-nordic&position=37&search_layout=grid&type=item&tracking_id=8c83b946-3b32-4c93-a629-ae3a471464d9,Departamento San Isidro/marcoleta,2025-05-12,Publicado hace 2 meses,UF,2.100,56 UF/m²,75 UF/m²,40 m²,37 m²,3 m²,1,1,1,"San Isidro/marcoleta, Santa Isabel, Santiago, RM (Metropolitana)",,,25,6,22,Departamento,S,18 años,,-33.4433244%2C-70.6448185
https://portalinmobiliario.com/MLC-1590317525-santa-rosa-alonso-de-ovalle-_JM#polycard_client=search-nordic&position=9&search_layout=grid&type=item&tracking_id=14ff597e-c8c5-4be0-b33f-7fe1c2a4242c,Santa Rosa / Alonso De Ovalle,2025-05-12,Publicado hace 48 días,UF,2.160,69 UF/m²,68 UF/m²,33 m²,31 m²,2 m²,,1,1,"Av. Sta. Rosa 146, 8330156 Santiago, Región Metropolitana, Chile, Santa Isabel, Santiago, RM (Metropolitana)",,,26,13,17,Departamento,SO,2.013 años,,-33.4455646%2C-70.6452135
https://portalinmobiliario.com/MLC-2803645306-departamento-en-venta-de-2-dorm-en-santiago-_JM#polycard_client=search-nordic&position=37&search_layout=grid&type=item&tracking_id=02e3ae0b-a030-4f50-86c9-bbede218f8e7,Departamento En Venta De 2 Dorm. En Santiago,2025-05-12,Publicado hace 5 meses,UF,2.300,57 UF/m²,73 UF/m²,40 m²,40 m²,,,2,1,"Santa Isabel Con Carmen, Santa Isabel, Santiago, RM (Metropolitana)",,,19,8,4,Cocina Incorporada,Sur-oriente,17 años,,-33.4497962%2C-70.6420929
https://portalinmobiliario.com/MLC-2778288142-departamento-en-venta-de-2-dormitorios-en-lira-stgo-centro-_JM#polycard_client=search-nordic&position=30&search_layout=grid&type=item&tracking_id=783fb5bb-2cf0-4ff7-92fc-9f45d382ec0b,"Departamento En Venta De 2 Dormitorios En Lira, Stgo Centro",2025-05-12,,UF,2.350,52 UF/m²,73 UF/m²,47 m²,45 m²,2 m²,,2,2,"Lira, Santa Isabel, Santiago, RM (Metropolitana)",,1,22,,3,Departamento,N,18 años,,-33.4475456%2C-70.6392636
https://portalinmobiliario.com/MLC-2848001464-depto-argomedo-1d-1b-oportunidad-nuevo-oferta-_JM#polycard_client=search-nordic&position=10&search_layout=grid&type=item&tracking_id=bdf92184-ba8a-43ff-835c-86fdcc1990e2,"Depto. Argomedo 1d 1b, Oportunidad Nuevo Oferta",2025-05-12,,UF,2.399,66 UF/m²,73 UF/m²,"41,73 m²","35,91 m²","5,82 m²",,1,1,"Argomedo Cercano A Lira, Sta Isabel, Portugal, Santa Isabel, Santiago, RM (Metropolitana)",,,9,,5,Departamento,O,1 años,,-33.4502019%2C-70.6381432
https://portalinmobiliario.com/MLC-1590053547-amplio-departamento-vista-norte-_JM#polycard_client=search-nordic&position=28&search_layout=grid&type=item&tracking_id=bdf92184-ba8a-43ff-835c-86fdcc1990e2,Amplio Departamento Vista Norte,2025-05-12,Publicado hace 9 meses,UF,2.400,57 UF/m²,73 UF/m²,47 m²,42 m²,5 m²,,1,1,"Argomedo 321, Santiago, Chile, Santa Isabel, Santiago, RM (Metropolitana)",,,,,6,Departamento,N,6 años,,-33.4495893%2C-70.6358243
https://portalinmobiliario.com/MLC-2840200794-departamento-en-venta-de-1-dorm-en-santiago-1-bodega-_JM#polycard_client=search-nordic&position=34&search_layout=grid&type=item&tracking_id=bdf92184-ba8a-43ff-835c-86fdcc1990e2,Departamento En Venta De 1 Dorm. En Santiago 1 Bodega,2025-05-12,Publicado hace 3 meses por Fuenzalida Vitacura,UF,2.400,63 UF/m²,73 UF/m²,41 m²,38 m²,3 m²,2,1,1,"Tocornal / Santa Isabel, Santa Isabel, Santiago, RM (Metropolitana)",,1,1,15,6,Departamento,N,8 años,,-33.450233%2C-70.6398857
https://portalinmobiliario.com/MLC-2778154610-departamento-en-venta-de-2-dorm2-banos-en-santiago-_JM#polycard_client=search-nordic&position=47&search_layout=grid&type=item&tracking_id=bdf92184-ba8a-43ff-835c-86fdcc1990e2,Departamento En Venta De 2 Dorm.2 Baños En Santiago,2025-05-12,,$,94.000.000,55 UF/m²,73 UF/m²,46 m²,44 m²,2 m²,,2,,Verifica que el inmueble exista y desconfía si te dicen que necesitan vender o arrendar con urgencia.,,,,,,,,,,-33.4503644%2C-70.6384383
https://portalinmobiliario.com/MLC-2778166148-portugal-santa-isabel-argomedo-_JM#polycard_client=search-nordic&position=40&search_layout=gallery&type=item&tracking_id=34646e20-e5e5-4e45-b988-6f70ce2e24be,Portugal / Santa Isabel / Argomedo,2025-05-12,Publicado hace 5 meses por Etchepare Y Asociados,UF,2.735,80 UF/m²,73 UF/m²,36 m²,34 m²,2 m²,,1,1,"Portugal 520, Santa Isabel, Santiago, RM (Metropolitana)",,1,22,20,4,Departamento,,3 años,,-33.4485088%2C-70.6350433
https://portalinmobiliario.com/MLC-1584428417-departamento-en-venta-en-santiago-_JM#polycard_client=search-nordic&position=48&search_layout=gallery&type=item&tracking_id=34646e20-e5e5-4e45-b988-6f70ce2e24be,Departamento En Venta En Santiago,2025-05-12,Publicado hace 2 meses,UF,2.750,85 UF/m²,73 UF/m²,33 m²,32 m²,1 m²,,1,1,"Santa Isabel/ Fray Camilo Henriquez, Santa Isabel, Santiago, RM (Metropolitana)",,,22,12,18,Departamento,,12 años,,-33.4483911%2C-70.6341772
https://portalinmobiliario.com/MLC-1555806781-se-vende-dpto-70-m2-3d-2b-san-miguel-ciudad-del-nino-_JM#polycard_client=search-nordic&position=14&search_layout=grid&type=item&tracking_id=af5afc42-04cd-4e26-aaec-776e86105229,"Se Vende Dpto | 70 M2 | 3d +2b | San Miguel, Ciudad Del Niño",2025-05-12,,$,138.500.000,50 UF/m²,55 UF/m²,70 m²,70 m²,3 m²,,3,1,"Condominio Vargas Buston 1051, San Miguel, Ciudad del Niño, San Miguel, RM (Metropolitana)",,,15,10,15,Departamento,SO,11 años,,-33.5072299%2C-70.6547416
https://portalinmobiliario.com/MLC-2774583994-departamento-metro-ciudad-del-nino-san-miguel-_JM#polycard_client=search-nordic&position=1&search_layout=grid&type=item&tracking_id=a8fbd76d-4983-4482-9ba9-eb3d45f93b25,"Departamento Metro Ciudad Del Niño, San Miguel",2025-05-12,Publicado hace 6 meses,UF,3.500,62 UF/m²,55 UF/m²,62 m²,56 m²,6 m²,,2,2,"Quinta Avenida 1198, San Miguel, Chile, Ciudad del Niño, San Miguel, RM (Metropolitana)",1,,15,10,14,Departamento,,6 años,,-33.5080164%2C-70.6587785
https://portalinmobiliario.com/MLC-2857891274-departamento-carlos-silva-vildosola-id-133881-_JM#polycard_client=search-nordic&position=21&search_layout=grid&type=item&tracking_id=997f7f27-8f40-4959-9c3a-5d99c8d885d3,Departamento Carlos Silva Vildósola Id: 133881,2025-05-12,Publicado hace 57 días por Houm,$,130.000.000,83 UF/m²,75 UF/m²,42 m²,40 m²,,2,2,1,"Carlos Silva Vildósola, El Llano, San Miguel, RM (Metropolitana)",1,1,,,,Departamento,S,4 años,,-33.4777093%2C-70.644315
https://portalinmobiliario.com/MLC-1578898851-departamento-en-san-miguel-a-pasos-del-metro-_JM#polycard_client=search-nordic&position=39&search_layout=grid&type=item&tracking_id=997f7f27-8f40-4959-9c3a-5d99c8d885d3,Departamento En San Miguel A Pasos Del Metro,2025-05-12,Publicado hace 2 meses por Coldwell Banker,UF,3.300,53 UF/m²,55 UF/m²,65 m²,62 m²,3 m²,5,3,2,"Ciudad del Niño, San Miguel, RM (Metropolitana)",1,,11,4,8,Departamento,,0 años,,-33.5120154%2C-70.654816
https://portalinmobiliario.com/MLC-1579547519-edificio-septima-avenida-1-est-1-bod-vista-oriente-piso-_JM#polycard_client=search-nordic&position=35&search_layout=grid&type=item&tracking_id=af4d736d-ebd7-4a8d-b3fa-d5d7eda42eae,Edificio Septima Avenida (1 Est. 1 Bod.) Vista Oriente Piso,2025-05-12,Publicado hace 2 meses por Assetplan Chile,UF,3.106,44 UF/m²,55 UF/m²,72 m²,70 m²,2 m²,3,2,2,"Septima Avenida 1330, Ciudad del Niño, San Miguel, RM (Metropolitana)",1,1,16,11,13,,O,,,-33.509373%2C-70.661804
https://portalinmobiliario.com/MLC-2854314704-excelente-depto-metro-el-llano-81561-_JM#polycard_client=search-nordic&position=36&search_layout=grid&type=item&tracking_id=14fcdfb8-6c38-4951-a161-a9cbe1831f09,Excelente Depto. Metro El Llano (81561),2025-05-12,Publicado hace 2 meses,UF,3.090,54 UF/m²,58 UF/m²,59 m²,57 m²,2 m²,,2,2,"Alcalde Pedro Alarcón 1 - 300, El Llano, San Miguel, RM (Metropolitana)",1,,13,6,4,Departamento,SO,7 años,,-33.4873649%2C-70.6444138
https://portalinmobiliario.com/MLC-2832408970-3-dormitorios-a-pasos-metro-ciudad-del-nino-san-miguel-_JM#polycard_client=search-nordic&position=40&search_layout=grid&type=item&tracking_id=14fcdfb8-6c38-4951-a161-a9cbe1831f09,"3 Dormitorios, A Pasos Metro Ciudad Del Niño, San Miguel",2025-05-12,Publicado hace 3 meses,$,120.000.000,51 UF/m²,55 UF/m²,60 m²,60 m²,5 m²,,3,2,"Carlos Walker Martínez 6100, San Miguel, Ciudad del Niño, San Miguel, RM (Metropolitana)",1,,6,4,5,Departamento,,18 años,,-33.5120154%2C-70.654816
https://portalinmobiliario.com/MLC-1591505441-se-vende-departamento-en-quilpue-centro-conversable-_JM#polycard_client=search-nordic&position=42&search_layout=grid&type=item&tracking_id=ce867546-606a-493f-ae26-544a2dc09263,Se Arrienda Departamento Quilpue  Buenos Aires,2025-05-12,Publicado hace 45 días,$,130.000.000,47 UF/m²,46 UF/m²,75 m²,70 m²,,,2,2,"Centro, Centro de Quilpué, Quilpué, Valparaíso",1,,3,,,Departamento,,10 años,,-33.0482707%2C-71.4408752
https://portalinmobiliario.com/MLC-1572341173-depto-4-dorm-3-banos-estac-y-bodega-piscina-las-cadenas-_JM#polycard_client=search-nordic&position=32&search_layout=grid&type=item&tracking_id=59c646a8-03af-49a2-8726-c205f88a29ed,Depto 4 Dorm. 3 Baños Estac Y Bodega. Piscina. Las Cadenas,2025-05-12,Publicado hace 3 meses,UF,7.400,61 UF/m²,69 UF/m²,144 m²,120 m²,24 m²,6,4,3,"Amplio Departamento Con Espectacular Vista Al Mar Y Piscina. Playa Las Cadenas. Áreas Verdes Y Privilegiada Ubicación, Centro de Algarrobo, Algarrobo, Valparaíso",1,1,12,2,4,Departamento,SP,28 años,,-33.3592829%2C-71.6609469
https://portalinmobiliario.com/MLC-1589716301-departamento-como-nuevo-san-alfonso-del-mar-_JM#polycard_client=search-nordic&position=38&search_layout=grid&type=item&tracking_id=59c646a8-03af-49a2-8726-c205f88a29ed,Departamento Como Nuevo San Alfonso Del Mar,2025-05-12,Publicado hace 51 días,$,215.000.000,52 UF/m²,63 UF/m²,105 m²,105 m²,10 m²,,4,3,"G-98-f 886, Algarrobo, San Alfonso del Mar, Algarrobo, Valparaíso",1,1,14,10,8,Departamento,SP,,,-33.3495751%2C-71.6522796
https://portalinmobiliario.com/MLC-1546106989-vendemos-departamento-bahia-de-rosas-algarrobo-_JM#polycard_client=search-nordic&position=3&search_layout=grid&type=item&tracking_id=e4861992-6b65-498d-881d-ddd4fa84c7e7,"Vendemos Departamento Bahía De Rosas, Algarrobo!",2025-05-12,Publicado hace 6 meses,UF,11.000,91 UF/m²,62 UF/m²,160 m²,120 m²,40 m²,,4,4,"Camino Algarrobo Mirasol, San Alfonso del Mar, Algarrobo, Valparaíso",2,1,1,2,,Departamento,NP,10 años,,-33.3532289%2C-71.6527885
https://portalinmobiliario.com/MLC-1534972123-espectacular-vista-panoramica-2-estacionamientos-y-bodega-_JM#polycard_client=search-nordic&position=6&search_layout=grid&type=item&tracking_id=e4861992-6b65-498d-881d-ddd4fa84c7e7,"Espectacular Vista Panoramica, 2 Estacionamientos Y Bodega",2025-05-12,Publicado hace 7 meses,UF,5.650,64 UF/m²,63 UF/m²,103 m²,88 m²,15 m²,,3,2,"San Alfonso Del Mar, Algarrobo, Chile, San Alfonso del Mar, Algarrobo, Valparaíso",2,1,16,4,11,Departamento,P,25 años,,-33.3484883%2C-71.6508736
https://portalinmobiliario.com/MLC-1583738389-venta-gran-departamento-nuevo-_JM#polycard_client=search-nordic&position=10&search_layout=grid&type=item&tracking_id=e4861992-6b65-498d-881d-ddd4fa84c7e7,Venta Gran Departamento Nuevo,2025-05-12,,UF,6.380,55 UF/m²,69 UF/m²,"133,09 m²","114,94 m²","18,15 m²",3,,,Verifica que el inmueble exista y desconfía si te dicen que necesitan vender o arrendar con urgencia.,,,,,,,,,,-33.3640267%2C-71.6610794
https://portalinmobiliario.com/MLC-2793837076-lindo-y-acogedor-depto-en-condominio-costa-algarrobo-_JM#polycard_client=search-nordic&position=20&search_layout=grid&type=item&tracking_id=e4861992-6b65-498d-881d-ddd4fa84c7e7,Lindo Y Acogedor Depto En Condominio Costa Algarrobo,2025-05-12,Publicado hace 5 meses,UF,3.490,52 UF/m²,64 UF/m²,67 m²,67 m²,5 m²,,3,2,"Ruta G98-f 424, Algarrobo, Mirasol, Algarrobo, Valparaíso",1,,,,,,,,,-33.3269355%2C-71.6443864
https://portalinmobiliario.com/MLC-1591332261-algarrobo-departamento-con-increible-vista-en-alt-_JM#polycard_client=search-nordic&position=42&search_layout=grid&type=item&tracking_id=e4861992-6b65-498d-881d-ddd4fa84c7e7,"Algarrobo, Departamento Con Increíble Vista En Alt...",2025-05-12,,UF,6.450,53 UF/m²,62 UF/m²,130 m²,120 m²,10 m²,4,4,3,"Algarrobo, San Alfonso del Mar, Algarrobo, Valparaíso",2,1,15,4,14,Departamento,NP,25 años,,-33.349969%2C-71.650081
https://portalinmobiliario.com/MLC-2726776328-laguna-bahia-precio-departamento-con-hermosa-vist-_JM#polycard_client=search-nordic&position=14&search_layout=grid&type=item&tracking_id=5b953b4d-2062-4a1c-bc18-ad02a1d2b838,"Laguna Bahía, Precio Departamento Con Hermosa Vist...",2025-05-12,,UF,5.000,71 UF/m²,63 UF/m²,70 m²,70 m²,,3,3,2,"Algarrobo, Algarrobo, Valparaíso",2,1,14,6,9,Departamento,SP,10 años,,-33.35257%2C-71.64637
https://portalinmobiliario.com/MLC-1551975973-maravilloso-departamento-con-vista-al-mar-_JM#polycard_client=search-nordic&position=18&search_layout=grid&type=item&tracking_id=cf33c82e-aad9-4d80-b333-334924718c3b,Maravilloso Departamento Con Vista Al Mar,2025-05-12,Publicado hace 1 año,$,180.000.000,84 UF/m²,66 UF/m²,60 m²,55 m²,5 m²,,2,2,"Av. El Canelo 101, Algarrobo, Valparaíso, Chile, El Canelo, Algarrobo, Valparaíso",1,1,,,,Departamento,NP,,,-33.3663977%2C-71.6863685
https://portalinmobiliario.com/MLC-1565480363-vendo-departamento-3d2b-principal-en-suite-en-algarrobo-_JM#polycard_client=search-nordic&position=31&search_layout=grid&type=item&tracking_id=cf33c82e-aad9-4d80-b333-334924718c3b,"Vendo Departamento, 3d,2b Principal En Suite, En Algarrobo ",2025-05-12,Publicado hace 4 meses,UF,4.800,64 UF/m²,63 UF/m²,80 m²,75 m²,5 m²,3,3,2,"Camino Casa Blanca , Algarrobo, Centro de Algarrobo, Algarrobo, Valparaíso",1,,7,,8,Piso,SO,12 años,,-33.3606455%2C-71.6539305
https://portalinmobiliario.com/MLC-1572886769-san-alfonso-del-mar-resort-_JM#polycard_client=search-nordic&position=1&search_layout=grid&type=item&tracking_id=bef30cf2-08e2-481d-aca9-5da15e94d21a,San Alfonso Del Mar Resort,2025-05-12,Publicado hace 4 años,UF,4.750,59 UF/m²,63 UF/m²,85 m²,80 m²,5 m²,,2,2,"San Alfonso Del Mar Resort, San Alfonso del Mar, Algarrobo, Valparaíso",1,1,12,20,3,Departamento,P,20 años,,-33.3498573%2C-71.6541824
https://portalinmobiliario.com/MLC-2772731708-depto-2d-2-b-estac-con-laguna-artificial-en-edificio-_JM#polycard_client=search-nordic&position=14&search_layout=grid&type=item&tracking_id=bef30cf2-08e2-481d-aca9-5da15e94d21a,Depto 2d 2 B Estac. Con Laguna Artificial En Edificio,2025-05-12,Publicado hace 1 año,UF,3.445,57 UF/m²,64 UF/m²,65 m²,60 m²,5 m²,,2,2,"Algarrobo Norte, Mirasol, Algarrobo, Chile, Mirasol, Algarrobo, Valparaíso",1,1,12,5,5,Departamento,NP,5 años,,-33.3273574%2C-71.6446601
https://portalinmobiliario.com/MLC-2726385808-venta-hermoso-departamento-san-alfonso-del-mar-_JM#polycard_client=search-nordic&position=16&search_layout=grid&type=item&tracking_id=bef30cf2-08e2-481d-aca9-5da15e94d21a,Venta Hermoso Departamento San Alfonso Del Mar,2025-05-12,Publicado hace 1 año,UF,7.500,57 UF/m²,62 UF/m²,130 m²,130 m²,,,4,3,"San Alfonso Del Mar, Algarrobo, Chile, San Alfonso del Mar, Algarrobo, Valparaíso",1,1,,,,,,,,-33.3484883%2C-71.6508736
https://portalinmobiliario.com/MLC-1591671769-se-vende-bellisimo-departamento-san-alfonso-del-mar-_JM#polycard_client=search-nordic&position=21&search_layout=grid&type=item&tracking_id=bef30cf2-08e2-481d-aca9-5da15e94d21a,Se Vende Bellísimo Departamento San Alfonso Del Mar,2025-05-12,Publicado hace 45 días,UF,4.600,61 UF/m²,63 UF/m²,78 m²,75 m²,,,2,2,"San Alfonso Del Mar, Algarrobo, Valparaíso",1,1,,,,Departamento,NP,,,-33.343869%2C-71.6519138
https://portalinmobiliario.com/MLC-2851979990-viva-en-el-paraiso-departamento-en-algarrobo-_JM#polycard_client=search-nordic&position=45&search_layout=grid&type=item&tracking_id=bef30cf2-08e2-481d-aca9-5da15e94d21a, Viva En El Paraíso: Departamento En Algarrobo ,2025-05-12,Publicado hace 2 meses por Re/max First,UF,5.999,68 UF/m²,63 UF/m²,108 m²,87 m²,,5,3,2,"San Alfonso Del Mar, 0, San Alfonso del Mar, Algarrobo, Valparaíso",1,,6,,6,Departamento,NP,21 años,,-33.3484883%2C-71.6508736
https://portalinmobiliario.com/MLC-2857038840-departamento-en-venta-condominio-quebrada-de-candelaria-_JM#polycard_client=search-nordic&position=1&search_layout=gallery&type=item&tracking_id=03a981c4-c907-4691-855a-e2ded30b6bf1,Departamento En Venta Condominio Quebrada De Candelaria,2025-05-12,Publicado hace 59 días,UF,3.300,55 UF/m²,64 UF/m²,65 m²,60 m²,,3,2,1,"Avenida Santa Teresa De Los Andes, Centro de Algarrobo, Algarrobo, Valparaíso",1,,3,,,,,,,-33.370099%2C-71.6581341
https://portalinmobiliario.com/MLC-1579869371-oportunidad-expectacular-vista-al-mar-en-laguna-vista-_JM#polycard_client=search-nordic&position=3&search_layout=grid&type=item&tracking_id=287bd1fb-1071-4462-a8c7-6a156ce07e56,Oportunidad! Expectacular Vista Al Mar En Laguna Vista,2025-05-12,Publicado hace 9 meses,UF,3.790,66 UF/m²,63 UF/m²,65 m²,57 m²,8 m²,,2,2,"Condominio Laguna Vista, Algarrobo, Valparaíso",1,,13,10,,Departamento,NP,13 años,,-33.3603405%2C-71.6535393
https://portalinmobiliario.com/MLC-2820309582-departamento-en-venta-de-4-dorm-san-alfonso-del-mar-_JM#polycard_client=search-nordic&position=26&search_layout=grid&type=item&tracking_id=287bd1fb-1071-4462-a8c7-6a156ce07e56,"Departamento En Venta De 4 Dorm, San Alfonso Del Mar",2025-05-12,Publicado hace 4 meses,UF,7.500,68 UF/m²,63 UF/m²,120 m²,110 m²,10 m²,,4,3,"San Alfonso Del Mar, San Alfonso del Mar, Algarrobo, Valparaíso",2,1,11,4,11,Departamento,P,16 años,,-33.3495751%2C-71.6522796
https://portalinmobiliario.com/MLC-2844217136-el-mejor-departamento-en-san-alfonso-del-mar-viva-facil-pr-_JM#polycard_client=search-nordic&position=38&search_layout=grid&type=item&tracking_id=287bd1fb-1071-4462-a8c7-6a156ce07e56,El Mejor Departamento En San Alfonso Del Mar - Viva Facil Pr,2025-05-12,Publicado hace 3 meses,UF,8.490,67 UF/m²,62 UF/m²,150 m²,125 m²,,7,5,3,"Edificio Timonel, San Alfonso del Mar, Algarrobo, Valparaíso",2,,15,,,,,13 años,,-33.3495751%2C-71.6522796
https://portalinmobiliario.com/MLC-2832405960-bello-departamento-en-condominio-laguna-vista-algarrobo-_JM#polycard_client=search-nordic&position=2&search_layout=grid&type=item&tracking_id=af09bee0-3fb1-4d77-bd4d-69e00f2882c2,"¡bello Departamento En Condominio Laguna Vista, Algarrobo! ",2025-05-12,Publicado hace 3 meses,UF,4.700,58 UF/m²,62 UF/m²,115 m²,80 m²,15 m²,,2,2,"Vista Bahía 788, Algarrobo, Centro de Algarrobo, Algarrobo, Valparaíso",1,1,2,6,8,Departamento,S,10 años,,-33.3606455%2C-71.6539305
https://portalinmobiliario.com/MLC-2780553970-departamento-en-san-alfonso-del-mar-_JM#polycard_client=search-nordic&position=6&search_layout=grid&type=item&tracking_id=af09bee0-3fb1-4d77-bd4d-69e00f2882c2,Departamento En San Alfonso Del Mar,2025-05-12,Publicado hace 5 meses,UF,5.890,60 UF/m²,63 UF/m²,199 m²,"97,5 m²","21,5 m²",,3,2,"Cam. Algarrobo Mirasol 560, Algarrobo, Valparaíso, Chile, San Alfonso del Mar, Algarrobo, Valparaíso",2,1,17,10,1,Departamento,P,14 años,,-33.3520332%2C-71.6526242
https://portalinmobiliario.com/MLC-2755146734-dpto-rebajado-costa-algarrobo-3d-2b-y-1e-_JM#polycard_client=search-nordic&position=9&search_layout=grid&type=item&tracking_id=af09bee0-3fb1-4d77-bd4d-69e00f2882c2,"Dpto Rebajado!! Costa Algarrobo 3d, 2b Y 1e",2025-05-12,,UF,3.650,62 UF/m²,62 UF/m²,58 m²,58 m²,4 m²,,3,2,"G-98-f 461, Mirasol, Algarrobo, Valparaíso, Chile, Mirasol, Algarrobo, Valparaíso",1,,10,6,1,Departamento,NOSP,10 años,,-33.3240918%2C-71.6439148
https://portalinmobiliario.com/MLC-2844319024-precioso-departamento-en-algarrobo-full-amoblado-_JM#polycard_client=search-nordic&position=13&search_layout=grid&type=item&tracking_id=af09bee0-3fb1-4d77-bd4d-69e00f2882c2,Precioso Departamento En Algarrobo Full Amoblado,2025-05-12,Publicado hace 3 meses,UF,9.200,90 UF/m²,69 UF/m²,122 m²,102 m²,,6,3,2,"La Puntilla, El Canelo, Algarrobo, Valparaíso",1,,6,,,,,3 años,,-33.3690733%2C-71.678917
https://portalinmobiliario.com/MLC-1566558975-departamento-3-dormitorios-gran-terraza-naturaleza-y-paz-_JM#polycard_client=search-nordic&position=29&search_layout=grid&type=item&tracking_id=af09bee0-3fb1-4d77-bd4d-69e00f2882c2,"Departamento 3 Dormitorios, Gran Terraza, Naturaleza Y Paz ",2025-05-12,Publicado hace 4 meses,UF,4.490,,,"82,25 m²","82,25 m²",18 m²,,3,2,"J989+h7 Algarrobo, Chile, Algarrobo, Valparaíso",1,,4,2,3,Departamento,,0 años,,-33.3835862%2C-71.6318345
https://portalinmobiliario.com/MLC-2820408816-excelente-departamento-con-espectacular-vista-a-la-quebrada-_JM#polycard_client=search-nordic&position=31&search_layout=grid&type=item&tracking_id=af09bee0-3fb1-4d77-bd4d-69e00f2882c2,Excelente Departamento Con Espectacular Vista A La Quebrada,2025-05-12,Publicado hace 1 año,$,159.000.000,48 UF/m²,64 UF/m²,90 m²,84 m²,6 m²,,3,3,"Avenida Santa Teresa De Los Andes 1660, Algarrobo, Chile, Centro de Algarrobo, Algarrobo, Valparaíso",1,,,,,,,,,-33.3700345%2C-71.6573465
https://portalinmobiliario.com/MLC-2864476670-excelente-oportunidad-venta-depto-en-algarrobo-_JM#polycard_client=search-nordic&position=42&search_layout=grid&type=item&tracking_id=af09bee0-3fb1-4d77-bd4d-69e00f2882c2,"Excelente Oportunidad, Venta Depto. En Algarrobo",2025-05-12,Publicado hace 43 días,UF,6.450,56 UF/m²,62 UF/m²,115 m²,115 m²,,,3,2,"G-98-f 886, Algarrobo, Chile, Algarrobo, Valparaíso, San Alfonso del Mar, Algarrobo, Valparaíso",1,1,,,,Departamento,,0 años,,-33.3481628%2C-71.651761
https://portalinmobiliario.com/MLC-2834727736-depto-en-venta-de-4-dormitorios-con-vista-al-mar-algarrobo-_JM#polycard_client=search-nordic&position=44&search_layout=grid&type=item&tracking_id=af09bee0-3fb1-4d77-bd4d-69e00f2882c2,Depto En Venta De 4 Dormitorios Con Vista Al Mar - Algarrobo,2025-05-12,Publicado hace 3 meses por Key Properties,UF,12.990,129 UF/m²,69 UF/m²,120 m²,100 m²,20 m²,,4,3,"Las Tinajas - La Quebrada, El Canelo, Algarrobo, Valparaíso",2,1,5,1,4,Departamento,P,0 años,,-33.3663447%2C-71.6766259
https://portalinmobiliario.com/MLC-2778863926-departamento-en-san-alfonso-del-mar-_JM#polycard_client=search-nordic&position=1&search_layout=grid&type=item&tracking_id=2f34dace-f99c-4868-9138-5cb583f9ee3a,Departamento En San Alfonso Del Mar,2025-05-12,Publicado hace 1 año,UF,8.500,80 UF/m²,77 UF/m²,130 m²,106 m²,24 m²,,4,3,"Avenida Mirasol 886, Mirasol, Algarrobo, Chile, Mirasol, Algarrobo, Valparaíso",2,1,,,,Departamento,P,2.012 años,,-33.3239082%2C-71.6491013
https://portalinmobiliario.com/MLC-2841593354-acogedor-departamento-en-sector-residencialartificiocalera-_JM#polycard_client=search-nordic&position=6&search_layout=grid&type=item&tracking_id=6d14ac20-b66a-4005-9403-473cb2e98d8d," Acogedor Departamento En Sector Residencial,artificiocalera",2025-05-12,Publicado hace 3 meses,$,35.000.000,,,48 m²,48 m²,,2,2,2,"Calera, Valparaíso",1,,,,,,,,,-32.770465%2C-71.196684
https://portalinmobiliario.com/MLC-1554888881-quintay-santa-augusta-departamento-nuevo-y-amobl-_JM#polycard_client=search-nordic&position=1&search_layout=grid&type=item&tracking_id=28aacdf4-5eff-490b-82d8-c9dc82b07749,"Quintay, Santa Augusta, Departamento Nuevo Y Amobl...",2025-05-12,,UF,5.990,,,"67,32 m²","67,32 m²",,2,2,2,"Quintay, Quintay, Casablanca, Valparaíso",1,1,7,4,3,Departamento,NP,3 años,,-33.1947095%2C-71.6782746
https://portalinmobiliario.com/MLC-1571852403-departamento-en-venta-de-4-dorm-en-casablanca-_JM#polycard_client=search-nordic&position=2&search_layout=grid&type=item&tracking_id=28aacdf4-5eff-490b-82d8-c9dc82b07749,Departamento En Venta De 4 Dorm. En Casablanca,2025-05-12,,UF,10.990,99 UF/m²,85 UF/m²,151 m²,111 m²,40 m²,,4,3,"Club De Golf Santa Augusta Sector Las Lavandas 80, Quintay, Casablanca, Valparaíso",2,1,1,2,,Departamento,,29 años,,-33.1786152%2C-71.6783777
https://portalinmobiliario.com/MLC-1573087935-cinco-dormitorios-espacioso-departamento-santa-augusta-_JM#polycard_client=search-nordic&position=6&search_layout=grid&type=item&tracking_id=28aacdf4-5eff-490b-82d8-c9dc82b07749,Cinco Dormitorios Espacioso Departamento Santa Augusta,2025-05-12,Publicado hace 3 meses,UF,8.300,,,188 m²,188 m²,20 m²,,5,4,"Santa Augusta Ml27, Quintay, Casablanca, Chile, Quintay, Casablanca, Valparaíso",2,1,,,,Departamento,,,,-33.1831181%2C-71.6803525
https://portalinmobiliario.com/MLC-1584100509-precioso-departamento-3-dormitorios-quintay-santa-augusta-_JM#polycard_client=search-nordic&position=22&search_layout=grid&type=item&tracking_id=28aacdf4-5eff-490b-82d8-c9dc82b07749,Precioso Departamento 3 Dormitorios Quintay Santa Augusta,2025-05-12,Publicado hace 2 meses,UF,8.200,82 UF/m²,85 UF/m²,93 m²,100 m²,,,3,2,"Santa Augusta  Sn, Quintay, Casablanca, Valparaíso",1,,,,,,,,,-33.179449%2C-71.6776671
https://portalinmobiliario.com/MLC-1541097295-departamento-en-casablanca-_JM#polycard_client=search-nordic&position=27&search_layout=grid&type=item&tracking_id=28aacdf4-5eff-490b-82d8-c9dc82b07749,Departamento En Casablanca,2025-05-12,Publicado hace 6 meses,$,88.000.000,,,50 m²,50 m²,,,2,1,"C. Membrillar 486, Ciudad de Casablanca, Casablanca, Valparaíso",1,,,,1,Departamento,,,,-33.3181056%2C-71.4065545
https://portalinmobiliario.com/MLC-2802241706-lindo-y-comodo-dpto-con-hermosa-vista-_JM#polycard_client=search-nordic&position=38&search_layout=grid&type=item&tracking_id=28aacdf4-5eff-490b-82d8-c9dc82b07749,Lindo Y Comodo Dpto Con Hermosa Vista,2025-05-12,Publicado hace 5 meses,UF,8.200,,,90 m²,78 m²,12 m²,,3,2,"R8cc+pq Quintay, Casablanca, Chile, Quintay, Casablanca, Valparaíso",2,1,,3,2,Departamento,NP,5 años,,-33.1781432%2C-71.6780363
https://portalinmobiliario.com/MLC-1577465341-exclusivo-departamento-en-condominio-centrico-el-quisco-nor-_JM#polycard_client=search-nordic&position=21&search_layout=grid&type=item&tracking_id=54418075-6957-47e0-b91c-a6f2fd2d7991,Exclusivo Departamento En Condominio Céntrico. El Quisco Nor,2025-05-12,Publicado hace 2 meses,$,132.600.000,42 UF/m²,79 UF/m²,80 m²,80 m²,6 m²,6,3,2,"Condominio El Quisco Norte, El Quisco Norte, El Quisco, Valparaíso",1,,3,4,3,Departamento,N,17 años,,-33.3811237%2C-71.6867739
https://portalinmobiliario.com/MLC-2838051580-vista-privilegiada-area-verde-piscina-y-playa-_JM#polycard_client=search-nordic&position=21&search_layout=grid&type=item&tracking_id=30db6038-6211-4563-ad71-0e2ca6280c32,"Vista Privilegiada, Área Verde, Piscina Y Playa",2025-05-12,Publicado hace 1 año,UF,2.590,,,"50,35 m²","46,63 m²","3,72 m²",,3,1,"Gabriela Mistral 1375, Las Cruces, El Tabo, Chile, Las Cruces, El Tabo, Valparaíso",1,,4,,2,Departamento,SO,8 años,,-33.49601%2C-71.6331079
https://portalinmobiliario.com/MLC-2857902184-venta-departamento-de-3d1b-y-1e-el-tabo-86818-_JM#polycard_client=search-nordic&position=37&search_layout=grid&type=item&tracking_id=30db6038-6211-4563-ad71-0e2ca6280c32,"Venta Departamento  De 3d,1b Y 1e - El Tabo (86818)",2025-05-12,Publicado hace 57 días,$,120.000.000,,,53 m²,44 m²,9 m²,,3,1,"Calle Local Cordova 2100 - 2400, El Tabo, Chile, Balneario El Tabo, El Tabo, Valparaíso",1,,4,8,2,Departamento,SP,5 años,,-33.4483429%2C-71.6771267
https://portalinmobiliario.com/MLC-2853782674-se-vende-depto-oportunidad-condominio-el-tabo-_JM#polycard_client=search-nordic&position=21&search_layout=grid&type=item&tracking_id=5de75277-75f7-4d67-8a6c-a0bffed96114,"Se Vende Depto Oportunidad, Condominio El Tabo.",2025-05-12,Publicado hace 2 meses,$,77.000.000,39 UF/m²,81 UF/m²,54 m²,50 m²,4 m²,3,3,1,"Dep El Tabo, Balneario El Tabo, El Tabo, Valparaíso",1,,,,,Semi piso,,0 años,,-33.4497462%2C-71.6704068
https://portalinmobiliario.com/MLC-2864373220-se-vende-departamento-en-las-cruces-_JM#polycard_client=search-nordic&position=39&search_layout=grid&type=item&tracking_id=5de75277-75f7-4d67-8a6c-a0bffed96114,Se Vende Departamento En Las Cruces,2025-05-12,Publicado hace 43 días,UF,3.900,58 UF/m²,56 UF/m²,67 m²,67 m²,,,2,2,"Lincoln Norte 2100 - 2400, Las Cruces, El Tabo, Chile, Las Cruces, El Tabo, Valparaíso, Las Cruces, El Tabo, Valparaíso",1,1,,,,Departamento,,0 años,,-33.4961931%2C-71.6276581
https://portalinmobiliario.com/MLC-2862699580-venta-depto-condominio-bosques-de-el-tabo-_JM#polycard_client=search-nordic&position=3&search_layout=grid&type=item&tracking_id=fd58b32d-0972-487a-a001-04e2cabb970e,Venta Depto. / Condominio Bosques De El Tabo,2025-05-12,Publicado hace 47 días,UF,2.200,44 UF/m²,81 UF/m²,50 m²,50 m²,,,3,1,"C. Guillermo Garcia Burr, El Tabo, Balneario El Tabo, El Tabo, Valparaíso",1,1,5,,,Departamento,,15 años,,-33.4502579%2C-71.67134
https://portalinmobiliario.com/MLC-1555983011-departamento-en-venta-de-3-dorm-en-la-ligua-_JM#polycard_client=search-nordic&position=10&search_layout=grid&type=item&tracking_id=76c9158d-c87c-4b9c-ba66-7530728e365a,Departamento En Venta De 3 Dorm. En La Ligua,2025-05-12,,UF,3.350,,,57 m²,45 m²,12 m²,,3,1,"Hermanos De La Costa/ Los Molles, Los Molles, La Ligua, Valparaíso",1,,,,1,-,Poniente,5 años,,-32.236304%2C-71.5111163
https://portalinmobiliario.com/MLC-1533911429-departamento-gran-vista-3-dormitorios-2-banos-_JM#polycard_client=search-nordic&position=30&search_layout=grid&type=item&tracking_id=76c9158d-c87c-4b9c-ba66-7530728e365a,Departamento Gran Vista 3 Dormitorios 2 Baños ,2025-05-12,Publicado hace 2 años,UF,4.000,76 UF/m²,59 UF/m²,56 m²,52 m²,,,3,2,"Los Pescadores 1215, Los Molles, La Ligua, Valparaíso, Chile, Los Molles, La Ligua, Valparaíso",1,1,5,10,5,,,4 años,,-32.2397743%2C-71.5117362
https://portalinmobiliario.com/MLC-1585227553-venta-dpto-en-limache-3-dormitorios-1bano-en-buen-estado-_JM#polycard_client=search-nordic&position=13&search_layout=grid&type=item&tracking_id=2db84558-6a66-4c6d-9100-d6c30fa66d8f,"Venta Dpto En Limache, 3 Dormitorios 1baño En Buen Estado ",2025-05-12,Publicado hace 2 meses,$,59.000.000,,,54 m²,54 m²,,,3,1,"Av. República, Limache, Limache Viejo, Limache, Valparaíso",,,4,4,1,Departamento,NP,6 años,,-33.0083154%2C-71.2505459
https://portalinmobiliario.com/MLC-1582661511-departamento-en-venta-de-2-dorm-en-los-andes-_JM#polycard_client=search-nordic&position=14&search_layout=grid&type=item&tracking_id=d5b25d57-f294-4052-8883-41c055c5724b,Departamento En Venta De 2 Dorm. En Los Andes,2025-05-12,Publicado hace 2 meses,$,63.500.000,,,53 m²,,,,2,1,"Av Marcelino Champagnat, Los Andes Poniente, Los Andes, Valparaíso",1,,,,,Departamento,,0 años,,-32.8232045%2C-70.6011959
https://portalinmobiliario.com/MLC-1589162237-los-andes-_JM#polycard_client=search-nordic&position=18&search_layout=grid&type=item&tracking_id=d5b25d57-f294-4052-8883-41c055c5724b, Los Andes,2025-05-12,Publicado hace 53 días,$,75.000.000,33 UF/m²,55 UF/m²,58 m²,58 m²,,2,2,1,"Los Andes, Centro de Los Andes, Los Andes, Valparaíso",1,,2,7,2,Semi piso,,10 años,,-32.8376123%2C-70.5993356
https://portalinmobiliario.com/MLC-1574083329-los-andes-vende-arrienda-depto-2d-2b-_JM#polycard_client=search-nordic&position=31&search_layout=grid&type=item&tracking_id=d5b25d57-f294-4052-8883-41c055c5724b,Los Andes - Vende/ Arrienda Depto 2d 2b,2025-05-12,Publicado hace 3 meses,UF,3.650,49 UF/m²,55 UF/m²,74 m²,74 m²,10 m²,,2,2,"Los Andes, Chile, Centro de Los Andes, Los Andes, Valparaíso",1,,15,6,10,Departamento,,6 años,,-32.8337995%2C-70.5972179
https://portalinmobiliario.com/MLC-1564887495-departamento-en-muelle-latorre-papudo-_JM#polycard_client=search-nordic&position=1&search_layout=grid&type=item&tracking_id=0a617175-f1c4-43ce-86c5-7284ef3911c7,"Departamento En Muelle Latorre, Papudo",2025-05-12,,UF,7.300,,,"85,25 m²","85,25 m²",,3,3,2,"Papudo, Valparaíso, Chile, Centro de Papudo, Papudo, Valparaíso",1,,,,,Departamento,N,0 años,,-32.5065873%2C-71.445476
https://portalinmobiliario.com/MLC-1526260967-papudo-edificio-bethania-amplio-departamento-_JM#polycard_client=search-nordic&position=13&search_layout=grid&type=item&tracking_id=0a617175-f1c4-43ce-86c5-7284ef3911c7,Papudo - Edificio Bethania - Amplio Departamento,2025-05-12,,$,350.000.000,,,136 m²,118 m²,18 m²,,4,4,"Av. Irarrázaval 55, Centro de Papudo, Papudo, Valparaíso",1,1,12,8,4,Departamento,N,30 años,,-32.5063331%2C-71.4487405
https://portalinmobiliario.com/MLC-2860774150-playa-y-vista-increibles-en-condominio-75558-_JM#polycard_client=search-nordic&position=26&search_layout=grid&type=item&tracking_id=696e206d-072e-47df-91df-cf79247cc3ed,Playa Y Vista Increíbles En Condominio (75558),2025-05-12,Publicado hace 51 días,UF,4.400,89 UF/m²,99 UF/m²,"55,39 m²","49,29 m²","6,1 m²",,2,1,"Paseo Punta Puyai 300 - 600, Papudo, Chile, Punta Puyai, Papudo, Valparaíso",1,1,6,5,2,Departamento,,3 años,,-32.5005507%2C-71.4315927
https://portalinmobiliario.com/MLC-2822966110-rebajado-oportunidad-inversionistas-departamen-_JM#polycard_client=search-nordic&position=25&search_layout=grid&type=item&tracking_id=958fc65b-4169-42af-8c9a-a27ee6ab0ff7,¡precio Rebajado! ¡oportunidad Única! Departamento...,2025-05-12,,UF,6.900,100 UF/m²,91 UF/m²,77 m²,69 m²,8 m²,3,3,2,"Punta Puyai, Punta Puyai, Papudo, Valparaíso",1,1,10,8,5,Departamento,NP,9 años,,-32.50328%2C-71.43529
https://portalinmobiliario.com/MLC-1560691443-depto-portal-amoblado-en-llolleo-excelente-ubicacion-_JM#polycard_client=search-nordic&position=3&search_layout=grid&type=item&tracking_id=16b92281-137e-4e5e-9876-dfa84d5ba8ac,"Depto Portal  Amoblado En Llolleo, Excelente Ubicación",2025-05-12,,UF,1.950,,,50 m²,45 m²,5 m²,3,3,1,"Lo Gallardo , Edificio Doña Josefina B, San Antonio, Valparaíso",1,,,,,Departamento,P,,,-33.62589%2C-71.60776
https://portalinmobiliario.com/MLC-2849595254-departamento-portal-santo-domingo-_JM#polycard_client=search-nordic&position=4&search_layout=grid&type=item&tracking_id=16b92281-137e-4e5e-9876-dfa84d5ba8ac, Departamento Portal Santo Domingo,2025-05-12,Publicado hace 2 meses por Engel & Völkers Santo Domingo,UF,2.100,,,45 m²,40 m²,5 m²,3,3,1,"Puente Lo Gallardo, San Antonio, Valparaíso",,,6,,4,Departamento,,,,-33.6273531%2C-71.6083685
https://portalinmobiliario.com/MLC-1531964097-vendo-departamento-3d2b-cond-aires-del-valle-san-felipe-_JM#polycard_client=search-nordic&position=5&search_layout=grid&type=item&tracking_id=8afa4dfa-a624-4339-9921-95f611404836,"Vendo Departamento 3d/2b, Cond. Aires Del Valle, San Felipe",2025-05-12,Publicado hace 7 meses,UF,1.660,,,58 m²,58 m²,5 m²,,3,2,"Condominio Aires Del Valle, Sur de San Felipe, San Felipe, Valparaíso",1,,5,4,3,Departamento,,5 años,,-32.759735%2C-70.7239021
https://portalinmobiliario.com/MLC-1591513083-departamento-en-venta-en-chillan-88192-_JM#polycard_client=search-nordic&position=16&search_layout=grid&type=item&tracking_id=e8987692-e228-4501-861d-ae5b0d86fe8e,Departamento En Venta En Chillán (88192),2025-05-12,Publicado hace 46 días,$,130.000.000,47 UF/m²,54 UF/m²,72 m²,70 m²,2 m²,,2,2,"Arauco 1 - 300, Centro de Chillán, Chillán, Ñuble",1,1,18,8,15,Departamento,,4 años,,-36.6107928%2C-72.1035735
https://portalinmobiliario.com/MLC-2804600338-departamento-venta-2-dorm-santiago-iglesia-sacramentinos-_JM#polycard_client=search-nordic&position=2&search_layout=grid&type=item&tracking_id=31e97dfd-bb6c-4071-a721-32cd6cc3f9be,Departamento Venta 2 Dorm. Santiago / Iglesia Sacramentinos,2025-05-12,,UF,2.560,62 UF/m²,68 UF/m²,42 m²,41 m²,1 m²,,2,1,"Santa Isabel / Iglesia Sacramentinos, San Diego, Santiago, RM (Metropolitana)",,,25,10,23,Departamento,S,17 años,,-33.4507587%2C-70.6486377
https://portalinmobiliario.com/MLC-2850026952-comodo-depto-a-pasos-del-metro-l1-y-l3-79068-_JM#polycard_client=search-nordic&position=10&search_layout=grid&type=item&tracking_id=31e97dfd-bb6c-4071-a721-32cd6cc3f9be,Cómodo Depto A Pasos Del Metro L1 Y L3 (79068),2025-05-12,Publicado hace 2 meses,UF,2.990,63 UF/m²,68 UF/m²,50 m²,47 m²,3 m²,,2,2,"Eleuterio Ramírez 900 - 1200, Santiago, Chile, San Diego, Santiago, RM (Metropolitana)",1,1,25,13,18,Departamento,,11 años,,-33.4497045%2C-70.650178
https://portalinmobiliario.com/MLC-1591038075-departamento-2d2b-piso-1-en-patio-interior-64147-_JM#polycard_client=search-nordic&position=15&search_layout=grid&type=item&tracking_id=31e97dfd-bb6c-4071-a721-32cd6cc3f9be,"Departamento 2d, 2b Calle Marín Con San Fco. (64147)",2025-05-12,Publicado hace 46 días,$,80.000.000,36 UF/m²,57 UF/m²,58 m²,56 m²,2 m²,,2,2,"San Francisco 600 - 900, Santiago, Chile, San Diego, Santiago, RM (Metropolitana)",,,11,6,1,Departamento,S,10 años,,-33.4525645%2C-70.646356
https://portalinmobiliario.com/MLC-2778504936-departamento-arturo-prat-id-47967-_JM#polycard_client=search-nordic&position=12&search_layout=grid&type=item&tracking_id=a63b74b2-5c7c-4984-bb0d-22b249a9da0e,Departamento Arturo Prat Id: 47967,2025-05-12,Publicado hace 5 meses por Houm,UF,3.200,51 UF/m²,57 UF/m²,63 m²,62 m²,,3,3,2,"Arturo Prat, San Diego, Santiago, RM (Metropolitana)",1,1,,,8,Departamento,N,0 años,,-33.4490601%2C-70.6492194
https://portalinmobiliario.com/MLC-2856049770-homeoffice-a-una-cuadra-de-metro-parque-almagro-5-piso-_JM#polycard_client=search-nordic&position=32&search_layout=grid&type=item&tracking_id=fb0d624f-79c0-4741-8a58-783754ed3b03,Homeoffice A Una Cuadra De Metro Parque Almagro 5 Piso,2025-05-12,,UF,1.780,74 UF/m²,68 UF/m²,24 m²,24 m²,,1,1,1,"Arturo Prat, San Diego, Santiago, RM (Metropolitana)",,,26,6,5,Departamento,P,11 años,,-33.450117%2C-70.6493862
https://portalinmobiliario.com/MLC-2808857488-oportunidad-ideal-inversionista-2d-2b-conexion-lavadora-_JM#polycard_client=search-nordic&position=32&search_layout=grid&type=item&tracking_id=a30760a8-2502-4e94-b025-5f1698f8c3a1,"Oportunidad, Ideal Inversionista!! 2d, 2b, Conexión Lavadora",2025-05-12,Publicado hace 4 meses,$,77.000.000,38 UF/m²,57 UF/m²,57 m²,52 m²,,,2,2,"San Francisco 618, 8330591 Santiago, Región Metropolitana, Chile, San Diego, Santiago, RM (Metropolitana)",,,,,,,,,,-33.4521706%2C-70.646651
https://portalinmobiliario.com/MLC-1587232077-departamento-en-venta-en-santiago-_JM#polycard_client=search-nordic&position=7&search_layout=grid&type=item&tracking_id=951dacf4-7870-4618-a65d-0cf7097e7f4f,Departamento En Venta En Santiago,2025-05-12,Publicado hace 57 días,$,65.000.000,54 UF/m²,68 UF/m²,31 m²,31 m²,,,1,1,"Arturo Prat 318 338 / Se Vende Departamento 1 Dormitorio 1 Baño / La Tasacion Bancaria Arrojo 80 Millones Y Por Apuro Se Esta Ofreciendo En 65 Millones, San Diego, Santiago, RM (Metropolitana)",,,,,,Departamento,N,9 años,,-33.4493766%2C-70.6490513
https://portalinmobiliario.com/MLC-2824897610-remodelado-cercano-a-metro-moneda-_JM#polycard_client=search-nordic&position=4&search_layout=grid&type=item&tracking_id=870e730a-b037-44e2-ade4-7455d87d6fd8,Remodelado Cercano A Metro Moneda,2025-05-12,Publicado hace 4 meses,$,105.000.000,54 UF/m²,68 UF/m²,52 m²,50 m²,2 m²,,2,1,"Eleuterio Ramírez, Santiago, San Diego, Santiago, RM (Metropolitana)",1,1,13,10,9,,S,17 años,,-33.4491758%2C-70.650149
https://portalinmobiliario.com/MLC-2843331148-venta-eleuterio-ramirez-con-san-francisco-santiago-centro-_JM#polycard_client=search-nordic&position=12&search_layout=grid&type=item&tracking_id=870e730a-b037-44e2-ade4-7455d87d6fd8,Depto Eleuterio Ramírez Con San Francisco + Estacionamiento,2025-05-12,Publicado hace 3 meses,UF,2.600,78 UF/m²,68 UF/m²,35 m²,33 m²,2 m²,,1,1,"Eleuterio Ramírez 780, Santiago, San Diego, Santiago, RM (Metropolitana)",1,,,10,2,Departamento,S,,,-33.4485597%2C-70.6464721
https://portalinmobiliario.com/MLC-2856171638-oportunidad-de-inversion-cercano-a-metro-matta-_JM#polycard_client=search-nordic&position=36&search_layout=grid&type=item&tracking_id=870e730a-b037-44e2-ade4-7455d87d6fd8,Oportunidad De Inversión Cercano A Metro Matta,2025-05-12,,UF,1.650,47 UF/m²,68 UF/m²,35 m²,35 m²,,,1,1,"Porvenir, 1 - 300, San Diego, Santiago, RM (Metropolitana)",,1,,,,Departamento,N,17 años,,-33.4576061%2C-70.6480507
https://portalinmobiliario.com/MLC-1549700837-departamento-en-venta-en-santiago-_JM#polycard_client=search-nordic&position=18&search_layout=grid&type=item&tracking_id=2a4fcc58-cbf2-423d-a5a5-d6a4af7479c0,Departamento En Venta En Santiago,2025-05-12,,UF,1.650,58 UF/m²,68 UF/m²,28 m²,28 m²,1 m²,,1,1,"Eleuterio Ramírez/ San Francisco, San Diego, Santiago, RM (Metropolitana)",,,25,25,11,Departamento,O,15 años,,-33.4483087%2C-70.6455527
https://portalinmobiliario.com/MLC-1583254863-departamento-seminuevo-_JM#polycard_client=search-nordic&position=38&search_layout=grid&type=item&tracking_id=9f8e73c3-de98-4be4-b249-6f0fbe2ca06b,Departamento Seminuevo,2025-05-12,Publicado hace 2 meses,UF,2.540,72 UF/m²,68 UF/m²,38 m²,35 m²,3 m²,,1,1,"Arturo Prat 636, Santiago, San Diego, Santiago, RM (Metropolitana)",,,,,,Departamento,,5 años,,-33.4530258%2C-70.6484349
https://portalinmobiliario.com/MLC-2741807912-depto-dos-ambientes-en-excelente-ubicacion-a-pasos-metro-_JM#polycard_client=search-nordic&position=6&search_layout=grid&type=item&tracking_id=b9121891-7185-426c-962d-63f277c3c81b,Depto. Dos Ambientes En Excelente Ubicación A Pasos Metro,2025-05-12,Publicado hace 1 año,UF,2.190,54 UF/m²,68 UF/m²,44 m²,40 m²,4 m²,,2,1,"Edificio Conecta - Arturo Prat 399, Santiago, Chile, San Diego, Santiago, RM (Metropolitana)",,,24,8,21,Departamento,,8 años,,-33.450117%2C-70.6493862
https://portalinmobiliario.com/MLC-2854071658-depto-1-dormitorio-en-lord-cochrane-625-metro-toesca-_JM#polycard_client=search-nordic&position=41&search_layout=grid&type=item&tracking_id=5f2708e1-903c-4f85-8df2-1a9a7fe67554,Depto 1 Dormitorio En Lord Cochrane 625 / Metro Toesca,2025-05-12,Publicado hace 2 meses,UF,1.900,63 UF/m²,68 UF/m²,30 m²,30 m²,,,1,1,"Lord Cochrane 635, Santiago, Parque Almagro, Santiago, RM (Metropolitana)",,,28,10,10,Departamento,P,16 años,,-33.4537559%2C-70.65442
https://portalinmobiliario.com/MLC-2755250644-edificio-nataniel-cox-vista-sur-piso-9-_JM#polycard_client=search-nordic&position=22&search_layout=grid&type=item&tracking_id=41846953-5d64-4651-be20-ee47c29968cc,Edificio Nataniel Cox Vista Sur Piso 9,2025-05-12,Publicado hace 6 meses por Assetplan Chile,UF,3.100,77 UF/m²,68 UF/m²,40 m²,40 m²,,2,1,1,"Nataniel Cox 683, Parque Almagro, Santiago, RM (Metropolitana)",,,17,12,9,,S,,,-33.454273%2C-70.652794
https://portalinmobiliario.com/MLC-2858213386-amplio-con-estac-frente-universidad-central-78592-_JM#polycard_client=search-nordic&position=44&search_layout=grid&type=item&tracking_id=41846953-5d64-4651-be20-ee47c29968cc,Amplio Con Estac. Frente Universidad Central  (78592),2025-05-12,Publicado hace 56 días,$,92.000.000,56 UF/m²,68 UF/m²,46 m²,42 m²,4 m²,,1,1,"Mencía De Los Nidos 900 - 1200, Santiago, Chile, Parque Almagro, Santiago, RM (Metropolitana)",1,,29,5,13,Departamento,S,15 años,,-33.4511226%2C-70.6507142
https://portalinmobiliario.com/MLC-2830622596-departamento-en-venta-en-santiago-_JM#polycard_client=search-nordic&position=5&search_layout=grid&type=item&tracking_id=6f0a3be9-ae57-4b5a-9097-db31ab6e62a1,Departamento En Venta En Santiago,2025-05-12,,UF,2.450,40 UF/m²,57 UF/m²,63 m²,60 m²,3 m²,,2,2,"Roberto Espinoza, Parque Almagro, Santiago, RM (Metropolitana)",,,17,9,3,Departamento,O,23 años,,-33.450713%2C-70.6537919
https://portalinmobiliario.com/MLC-2835953644-parque-almagro-_JM#polycard_client=search-nordic&position=1&search_layout=grid&type=item&tracking_id=eedb3a7b-785c-4b38-aeb8-94fbc986f47e,Parque Almagro ,2025-05-12,Publicado hace 3 meses,UF,1.950,65 UF/m²,68 UF/m²,3 m²,30 m²,33 m²,1,1,1,"Parque Almagro, Parque Almagro, Santiago, RM (Metropolitana)",,,33,15,4,Departamento,O,10 años,,-33.4539477%2C-70.6559472
https://portalinmobiliario.com/MLC-2850278106-venta-departamento-metro-toesca-oportunidad-unica-_JM#polycard_client=search-nordic&position=26&search_layout=grid&type=item&tracking_id=eedb3a7b-785c-4b38-aeb8-94fbc986f47e,Venta Departamento Metro Toesca. Oportunidad Única! ,2025-05-12,Publicado hace 2 meses,UF,3.500,53 UF/m²,57 UF/m²,65 m²,65 m²,2 m²,2,2,2,"Santiago Metro Toesca, Parque Almagro, Santiago, RM (Metropolitana)",1,1,15,8,14,Departamento,NP,10 años,,-33.4566164%2C-70.655479
https://portalinmobiliario.com/MLC-1591516503-hermoso-departamento-en-santiago-centro-_JM#polycard_client=search-nordic&position=34&search_layout=grid&type=item&tracking_id=67c611d0-c9e4-4048-bee8-20565fdaf99c,Hermoso Departamento En Santiago Centro,2025-05-12,Publicado hace 46 días,$,90.000.000,70 UF/m²,73 UF/m²,33 m²,33 m²,1 m²,1,1,1,"Barrio Diez de Julio, Santiago, RM (Metropolitana)",,1,,6,9,Departamento,S,8 años,,-33.45446%2C-70.633971
https://portalinmobiliario.com/MLC-2791873210-dpto-2-dorm-2-banos-1-est-1-bod-san-isidro-santiago-_JM#polycard_client=search-nordic&position=40&search_layout=grid&type=item&tracking_id=a3b34b4e-7066-4980-9fb9-930b75d2cbff,"Dpto. 2 Dorm / 2 Baños / 1 Est / 1 Bod. San Isidro, Santiago",2025-05-12,Publicado hace 1 año,UF,4.100,63 UF/m²,68 UF/m²,68 m²,65 m²,,,2,2,"San Isidro 661, Santiago, Chile, Barrio Diez de Julio, Santiago, RM (Metropolitana)",1,1,,,4,Departamento,,,,-33.4525142%2C-70.6426725
https://portalinmobiliario.com/MLC-2845496626-departamento-cerca-de-universidad-catolica-marcoleta-_JM#polycard_client=search-nordic&position=23&search_layout=grid&type=item&tracking_id=c61731a3-14bb-4be6-aed7-ee2d15710843,"Departamento Cerca De Universidad Católica, Marcoleta",2025-05-12,Publicado hace 2 meses,$,88.000.000,43 UF/m²,70 UF/m²,54 m²,52 m²,2 m²,,1,1,"Marcoleta, Santiago, Barrio San Borja, Santiago, RM (Metropolitana)",1,,18,4,6,Departamento,,8 años,,-33.442847%2C-70.6416733
https://portalinmobiliario.com/MLC-2794554230-departamento-a-la-venta-santiago-diagonal-paraguay-_JM#polycard_client=search-nordic&position=2&search_layout=grid&type=item&tracking_id=0b5cc99f-2d22-4fdd-8949-989d03e26f7f,"Departamento A La Venta Santiago, Diagonal Paraguay",2025-05-12,Publicado hace 5 meses,UF,5.200,50 UF/m²,80 UF/m²,102 m²,102 m²,,,3,2,"Diag. Paraguay 454, Santiago, Barrio San Borja, Santiago, RM (Metropolitana)",,,6,,,Departamento,,,,-33.44287%2C-70.642325
https://portalinmobiliario.com/MLC-2860864664-departamento-central-83360-_JM#polycard_client=search-nordic&position=41&search_layout=gallery&type=item&tracking_id=1f938e87-606c-455c-b091-4a811775f8f6,Departamento Central (83360),2025-05-12,Publicado hace 51 días,$,79.980.000,46 UF/m²,68 UF/m²,48 m²,44 m²,4 m²,,1,1,"Toesca 600 - 900, Ejército - Toesca, Santiago, RM (Metropolitana)",,1,12,6,7,Departamento,O,20 años,,-33.4527677%2C-70.6585822
https://portalinmobiliario.com/MLC-1589016327-venta-departamento-2d1b-a-pasos-de-metro-toesca-pt-_JM#polycard_client=search-nordic&position=26&search_layout=grid&type=item&tracking_id=a931880d-8343-4868-be73-090ec1130168,¡venta! Departamento 2d/1b A Pasos De Metro Toesca (pt),2025-05-12,Publicado hace 53 días,UF,2.100,43 UF/m²,68 UF/m²,51 m²,48 m²,,,2,1,"Toesca, Ejército - Toesca, Santiago, RM (Metropolitana)",,,6,,,Departamento,,14 años,,-33.45443%2C-70.65902
https://portalinmobiliario.com/MLC-1548795515-dpto-en-venta-vergara-con-domeyko-_JM#polycard_client=search-nordic&position=42&search_layout=grid&type=item&tracking_id=09c03252-f3b4-45e7-a6a0-28f3e638c378,Dpto En Venta Vergara Con Domeyko,2025-05-12,Publicado hace 5 meses,$,84.000.000,48 UF/m²,68 UF/m²,45 m²,45 m²,"5,8 m²",,1,1,"Vergara 749, Santiago, Ejército - Toesca, Santiago, RM (Metropolitana)",1,1,10,,4,,,28 años,,-33.4562113%2C-70.6612888
https://portalinmobiliario.com/MLC-1573860353-depto-2-dormitorios-metro-toesca-excelente-oportunidad-_JM#polycard_client=search-nordic&position=16&search_layout=grid&type=item&tracking_id=baf05cb5-7be5-40f9-9d93-e12e5ed8d9bd,Depto 2 Dormitorios Metro Toesca - Excelente Oportunidad,2025-05-12,Publicado hace 3 meses,UF,2.200,48 UF/m²,68 UF/m²,45 m²,45 m²,,,2,1,"Toesca 2400 - 2700, Santiago, Ejército - Toesca, Santiago, RM (Metropolitana)",1,1,,,,,,,,-33.4527677%2C-70.6585822
https://portalinmobiliario.com/MLC-2863969294-1-dormitorio-en-suite-con-terraza-y-estacionamiento-_JM#polycard_client=search-nordic&position=20&search_layout=grid&type=item&tracking_id=59510ac4-821a-425e-8034-6a82d02fe921,1 Dormitorio En Suite Con Terraza Y Estacionamiento,2025-05-12,,UF,2.200,61 UF/m²,61 UF/m²,36 m²,36 m²,,,1,1,"Cumming / Martinez De Rozas / Entrega Inmediata, Parque Los Reyes, Santiago, RM (Metropolitana)",1,,7,,6,Departamento,S,0 años,,-33.4337087%2C-70.6707111
https://portalinmobiliario.com/MLC-2863793598-en-venta-departamento-con-gran-ubicacion-89136-_JM#polycard_client=search-nordic&position=40&search_layout=grid&type=item&tracking_id=5dc9f491-cf91-4d74-b63f-5c9d84e04d02,En Venta Departamento Con Gran Ubicación (89136),2025-05-12,Publicado hace 44 días,UF,4.300,74 UF/m²,103 UF/m²,64 m²,58 m²,6 m²,,2,1,"Avenida Américo Vespucio Sur 1800 - 2100, Las Condes, Chile, Sebastián Elcano, Las Condes, RM (Metropolitana)",1,,3,,3,Departamento,SP,35 años,,-33.4309209%2C-70.5742198
https://portalinmobiliario.com/MLC-2755179324-comodo-departamento-en-lindo-barrio-familiar-_JM#polycard_client=search-nordic&position=27&search_layout=grid&type=item&tracking_id=ac06bdcc-89a8-4b47-bcc3-1817aa4be8a1,Cómodo Departamento En Lindo Barrio Familiar,2025-05-12,,UF,8.990,80 UF/m²,92 UF/m²,130 m²,111 m²,19 m²,3,3,2,"Las Condes, Sebastián Elcano, Las Condes, RM (Metropolitana)",2,1,13,4,8,Departamento,SO,29 años,,-33.4193028%2C-70.567725
https://portalinmobiliario.com/MLC-2805705104-departamento-con-espectacular-vista-en-san-carlos--_JM#polycard_client=search-nordic&position=19&search_layout=grid&type=item&tracking_id=a873ff36-d31c-4a56-8a59-7bda5b93705c,Departamento Con Espectacular Vista En San Carlos ...,2025-05-12,,UF,15.750,112 UF/m²,97 UF/m²,170 m²,140 m²,30 m²,4,4,3,"Las Condes, El Remanso, Las Condes, RM (Metropolitana)",2,1,4,3,4,Departamento,O,12 años,,-33.4152337%2C-70.518122
https://portalinmobiliario.com/MLC-2758288182-amplio-y-con-vista-panoramica-metro-manquehue-_JM#polycard_client=search-nordic&position=28&search_layout=grid&type=item&tracking_id=478e2c01-1ed8-4128-a889-aad82b737897,Amplio Y Con Vista Panoramica (metro Manquehue),2025-05-12,Publicado hace 6 meses,UF,11.990,109 UF/m²,98 UF/m²,160 m²,110 m²,50 m²,,4,3,"O'connell, Metro Manquehue - Apumanque, Las Condes, RM (Metropolitana)",1,1,,3,15,Departamento,S,34 años,,-33.4072696%2C-70.5688537
